name,postal_code,city
Lycée Henri Sellier,93190,Livry-Gargan
Bourg-Madame,66760,Bourg-Madame
Saillagouse,66800,Saillagouse
Thuès les Bains,66360,Canaveilles
Joncet,66193,Serdinya
Prades - Molitg-les-Bains,66500,Prades
Saint-Féliu-d'Avall,66170,Saint-Féliu-d'Avall
Banyuls-sur-Mer,66650,Banyuls-sur-Mer
Argelès-sur-Mer,66700,Argelès-sur-Mer
Belvezet,48170,Mont Lozère et Goulet
Tournemire - Roquefort,12250,Tournemire
Saint-Rome-de-Cernon,12490,Saint-Rome-de-Cernon
Magalas,34480,Magalas
Les Cabrils,34233,Roqueredonde
Montpaon,12540,Fondamente
Leucate La Franqui,11370,Leucate
Béziers,34500,Béziers
Saint-Laurent-d'Aigouze,30220,Saint-Laurent-d'Aigouze
Le Cailar,30740,Cailar
Vauvert,30600,Vauvert
Saint-Geniès-de-Malgoirès,30190,Saint-Geniès-de-Malgoirès
La Grand-Combe,30110,Grand-Combe
Villefort,48800,Villefort
Milhaud,30540,Milhaud
Vic - Mireval,34110,Vic-la-Gardiole
L'Isle-sur-la-Sorgue - Fontaine-de-Vaucluse,84800,Isle-sur-la-Sorgue
Saint-Saturnin-lès-Avignon,84450,Saint-Saturnin-lès-Avignon
Bédarrides,84370,Bédarrides
Montélimar,26200,Montélimar
Laragne-Montéglin,05300,Laragne-Montéglin
Embrun,05200,Embrun
Veynes Dévoluy,05400,Veynes
Saint-Hilaire - Saint-Nazaire,38330,Saint-Hilaire-du-Rosier
Livron-sur-Drôme,26250,Livron-sur-Drôme
Saint-Vallier sur Rhône,26240,Saint-Vallier
Cannes,06400,Cannes
Tende,06430,Tende
La Brigue,06430,Brigue
Breil-sur-Roya,06540,Breil-sur-Roya
Peille,06440,Peille
Cap-d'Ail,06320,Cap-d'Ail
Cros de Cagnes,06800,Cagnes-sur-Mer
Nice,06008,Nice
Le Luc - Le Cannet,83340,Cannet-des-Maures
Carnoules,83660,Carnoules
La Garde,83130,Garde
Sénas,13560,Sénas
Arles,13200,Arles
Croix Sainte,13500,Martigues
Pas des Lanciers,13700,Saint-Victoret
Saint-Antoine,13015,Marseille
Aubagne,13400,Aubagne
Monestier-de-Clermont,38650,Monestier-de-Clermont
Montroc le Planet,74400,Chamonix-Mont-Blanc
Les Moussoux,74400,Chamonix-Mont-Blanc
Les Pélerins,74400,Chamonix-Mont-Blanc
Taconnaz,74310,Houches
Marignier,74970,Marignier
Saint-Pierre-en-Faucigny,74800,Saint-Pierre-en-Faucigny
La Roche-sur-Foron,74800,Roche-sur-Foron
Perrignier,74550,Perrignier
Bons-en-Chablais,74890,Bons-en-Chablais
Machilly,74140,Machilly
Saint-Julien-en-Genevois,74160,Saint-Julien-en-Genevois
Saint-Claude,39200,Saint-Claude
Ceyzériat,01250,Ceyzériat
Moûtiers - Salins - Brides-les-Bains,73600,Moûtiers
Frontenex,73460,Frontenex
Les Abrets - Fitilieu,38490,Abrets en Dauphiné
Le Pont-de-Beauvoisin,38480,Pont-de-Beauvoisin
Épierre - Saint-Léger,73220,Épierre
Aix-les-Bains le Revard,73100,Aix-les-Bains
Le Puy-en-Velay,43000,Puy-en-Velay
Lezoux,63190,Lezoux
Vertaizon,63910,Vertaizon
Issoire,63500,Issoire
Parent - Coudes - Champeix,63270,Parent
Sarliève - Cournon,63800,Cournon-d'Auvergne
Pontmort,63200,Pessat-Villeneuve
Royat - Chamalières,63130,Royat
Lachaud Curmilhac,43013,Vissac-Auteyrac
Balbigny,42510,Balbigny
Fraisses - Unieux,42490,Fraisses
Firminy,42700,Firminy
Montbrison,42600,Montbrison
Andrézieux-Bouthéon,42160,Andrézieux-Bouthéon
La Fouillouse,42480,Fouillouse
Saint-Étienne Le Clapier,42000,Saint-Étienne
Saint-Étienne Châteaucreux,42000,Saint-Étienne
Romanèche-Thorins,71570,Romanèche-Thorins
Tournus,71700,Tournus
La Tour-du-Pin,38110,Tour-du-Pin
Saint-Quentin-Fallavier,38070,Saint-Quentin-Fallavier
Chaponost,69630,Chaponost
Francheville,69340,Francheville
Saint-Clair - Les Roches,38370,Saint-Clair-du-Rhône
Givors Canal,69700,Givors
Chamelet,69620,Chamelet
Bois-d'Oingt - Légny,69620,Légny
Chessy,69380,Chessy
Les Flachères,69260,Charbonnières-les-Bains
Tarare,69170,Tarare
Saint-Romain-de-Popey,69490,Saint-Romain-de-Popey
Anse,69480,Anse
Saint-Victor - Thizy,42630,Saint-Victor-sur-Rhins
Morteau,25500,Morteau
Gilley,25650,Gilley
Novillars,25220,Novillars
Saint-Vit,25410,Saint-Vit
Franois,25770,Franois
Saint-Lothain,39230,Saint-Lothain
Liesle,25440,Liesle
Montferrand - Thoraise,25320,Montferrand-le-Château
Besançon Mouillère,25000,Besançon
Sainte-Colombe,25300,Sainte-Colombe
Gemeaux,21120,Gemeaux
Seurre,21250,Seurre
Corgoloin,21700,Corgoloin
Nuits-Saint-Georges,21700,Nuits-Saint-Georges
Dole,39100,Dole
Collonges-lès-Premières,21110,Collonges-lès-Premières
Genlis,21110,Genlis
Tonnerre,89700,Tonnerre
Les Laumes Alésia,21150,Venarey-les-Laumes
Thenissey,21150,Thenissey
Dijon,21000,Dijon
Dijon Porte Neuve,21000,Dijon
Ouges,21600,Ouges
Rully,71150,Rully
Châtel-Censoir,89660,Châtel-Censoir
Flez-Cuzy - Tannay,58190,Tannay
Varennes-sur-Allier,03150,Varennes-sur-Allier
Chantenay-Saint-Imbert,58240,Chantenay-Saint-Imbert
Saint-Pierre-le-Moûtier,58240,Saint-Pierre-le-Moûtier
Tracy - Sancerre,58150,Tracy-sur-Loire
Montceau-les-Mines,71300,Montceau-les-Mines
Cheilly-lès-Maranges,71150,Cheilly-lès-Maranges
Le Creusot - Montceau-les-Mines - Montchanin TGV,71210,Écuisses
Garchizy,58600,Garchizy
Malesherbes,45330,Malesherbois
Boigneville,91720,Boigneville
Gien,45500,Gien
Souppes - Château-Landon,77460,Souppes-sur-Loing
Bagneaux-sur-Loing,77167,Bagneaux-sur-Loing
Nemours - Saint-Pierre,77140,Saint-Pierre-lès-Nemours
Bourron-Marlotte - Grez,77780,Bourron-Marlotte
Mailly-la-Ville,89270,Mailly-la-Ville
Laroche - Migennes,89400,Migennes
Joigny,89300,Joigny
Étigny - Véron,89510,Étigny
Fontaine-le-Port,77590,Fontaine-le-Port
Saint-Mammès,77670,Saint-Mammès
Bois-le-Roi,77590,Bois-le-Roi
Savigny-le-Temple - Nandy,77176,Savigny-le-Temple
Cesson,77240,Cesson
Lieusaint - Moissy,77127,Moissy-Cramayel
Boussy-Saint-Antoine,91800,Boussy-Saint-Antoine
Ballancourt-sur-Essonne,91610,Ballancourt-sur-Essonne
Évry-Courcouronnes,91000,Évry-Courcouronnes
Orangis Bois de l'Épine,91130,Ris-Orangis
Viry-Châtillon,91170,Viry-Châtillon
Maisons-Alfort - Alfortville,94700,Alfortville
Cambo-les-Bains,64250,Cambo-les-Bains
Gan,64290,Gan
Artix,64170,Artix
Montaut Bétharram,64800,Montaut
Ygos-Saint-Saturnin,40100,Ygos-Saint-Saturnin
Lannemezan,65300,Lannemezan
Le Lioran,15300,Laveissière
Volvic,63530,Volvic
Commentry,03600,Commentry
Les Trillers,03190,Vaux
Magnette,03260,Audes
Lapeyrouse,63700,Lapeyrouse
Castres,81100,Castres
Quillan,11500,Quillan
Gaillac,81600,Gaillac
Viviez - Decazeville,12110,Viviez
Bagnac-sur-Célé,46270,Bagnac-sur-Célé
Lexos,82330,Varen
Caussade,82300,Caussade
Cransac,12110,Cransac
Gramat,46500,Gramat
Montaudran,31000,Toulouse
Fenouillet - Saint-Alban,31150,Fenouillet
Lalande Église,31000,Toulouse
Malause,82200,Malause
Saint-Jory,31790,Saint-Jory
L'Hospitalet-près-l'Andorre,09390,Hospitalet-près-l'Andorre
Porté-Puymorens,66760,Porté-Puymorens
Lacourtensourt,31200,Toulouse
Portet Saint-Simon,31120,Portet-sur-Garonne
Auterive,31190,Auterive
Pamiers,09100,Pamiers
Saint-Agne,31520,Toulouse
Labarthe-Inard,31800,Labarthe-Inard
Lestelle-de-Saint-Martory,31360,Lestelle-de-Saint-Martory
Saint-Martory,31360,Saint-Martory
Boussens,31360,Boussens
Carbonne,31390,Carbonne
Longages - Noé,31410,Longages
Parsac - Gouzon,23140,Parsac-Rimondeix
Lothiers,36350,Tendu
Villefranche-du-Périgord,24550,Villefranche-du-Périgord
Les Versannes,24330,Douze
Saint-Pierre-de-Chignac,24330,Saint-Pierre-de-Chignac
Saint-Léon-sur-l'Isle,24110,Saint-Léon-sur-l'Isle
Périgueux,24000,Périgueux
Puybrun,46130,Puybrun
Bétaille,46110,Bétaille
Pompadour,19410,Arnac-Pompadour
Larche,19600,Larche
Meymac,19250,Meymac
Allassac,19240,Allassac
Chabanais,16150,Chabanais
Aixe-sur-Vienne,87700,Aixe-sur-Vienne
Le Dorat,87210,Dorat
Saint-Germain-les-Belles,87380,Saint-Germain-les-Belles
Pierre-Buffière,87260,Pierre-Buffière
Bugeat,19170,Bugeat
Les Bardys,87480,Saint-Priest-Taurion
Tonneins,47400,Tonneins
Monsempron-Libos,47500,Monsempron-Libos
Trentels Ladignac,47140,Trentels
Penne-d'Agenais,47140,Penne-d'Agenais
Laroque-Timbaut,47340,Laroque-Timbaut
Vayres,33870,Vayres
Saint-Denis-de-Pile,33910,Saint-Denis-de-Pile
Mauzac-et-Grand-Castang,24150,Mauzac-et-Grand-Castang
Gardonne,24680,Gardonne
Chasseneuil-sur-Bonnieure,16260,Chasseneuil-sur-Bonnieure
La Rochefoucauld,16110,Rochefoucauld-en-Angoumois
Lamothe-Landerron,33190,Lamothe-Landerron
Podensac,33720,Podensac
La Hume,33470,Gujan-Mestras
Villenave-d'Ornon,33140,Villenave-d'Ornon
Bruges,33520,Bruges
Parempuyre,33290,Parempuyre
Cenon,33150,Cenon
Lesparre-Médoc,33340,Lesparre-Médoc
Arenc Euroméditerranée,13002,Marseille
Lunery,18400,Lunery
Saint-Florent-sur-Cher,18400,Saint-Florent-sur-Cher
Bourges,18000,Bourges
Faubourg d'Orléans,41200,Romorantin-Lanthenay
Loreux,41200,Loreux
Marmagne,18500,Marmagne
Mehun-sur-Yèvre,18500,Mehun-sur-Yèvre
Vierzon Forges,18100,Vierzon
Vierzon,18100,Vierzon
Lussac-les-Châteaux,86320,Lussac-les-Châteaux
Saint-Saviol,86400,Saint-Saviol
Ligugé,86240,Ligugé
Jaunay-Clan,86130,Jaunay-Marigny
Nerpuy,86630,Châtellerault
Dangé-Saint-Romain,86220,Dangé-Saint-Romain
Les Ormes,86220,Ormes
Montrichard,41400,Montrichard Val de Cher
Fréteval - Morée,41160,Fréteval
Bléré - La Croix,37150,Croix-en-Touraine
Amboise,37400,Amboise
Joué-lès-Tours,37300,Joué-lès-Tours
Azay-le-Rideau,37190,Azay-le-Rideau
La Membrolle-sur-Choisille,37540,Membrolle-sur-Choisille
Musée d'Orsay,75007,Paris
Sermaise,91530,Sermaise
Saint-Chéron,91530,Saint-Chéron
Vitry-sur-Seine,94400,Vitry-sur-Seine
Ablon-sur-Seine,94480,Ablon-sur-Seine
Juvisy-sur-Orge,91260,Juvisy-sur-Orge
Lardy,91510,Lardy
Étampes,91150,Étampes
Boulainvilliers,75016,Paris
Artenay,45410,Artenay
Orléans,45000,Orléans
Gallieni Cancéropôle,31000,Toulouse
Saint-André-de-Cubzac,33240,Saint-André-de-Cubzac
Aubie - Saint-Antoine,33240,Val de Virvée
Cavignac,33620,Cavignac
Bussac-Forêt,17100,Bussac-Forêt
Jonzac,17500,Jonzac
Thouars,79100,Thouars
Saint-Gilles-Croix-de-Vie,85800,Saint-Gilles-Croix-de-Vie
Bournezeau,85480,Bournezeau
La Crèche,79260,Crèche
Ingrandes-Le Fresne-sur-Loire,49123,Ingrandes-Le Fresne sur Loire
Champtocé-sur-Loire,49123,Champtocé-sur-Loire
Cholet,49280,Cholet
Chemillé-en-Anjou,49120,Chemillé-en-Anjou
Le Vieux Briollay,49125,Briollay
Angers Saint-Laud,49100,Angers
Pontchâteau,44160,Pontchâteau
Saint-Étienne-de-Montluc,44360,Saint-Étienne-de-Montluc
Batz-sur-Mer,44740,Batz-sur-Mer
La Baule Les Pins,44500,Baule-Escoublac
Châteaubriant,44110,Châteaubriant
Nort-sur-Erdre,44390,Nort-sur-Erdre
Montaigu,85600,Montaigu-Vendée
La Haie-Fouassière,44690,Haie-Fouassière
Bourgneuf-en-Retz,44580,Villeneuve-en-Retz
Mauves-sur-Loire,44470,Mauves-sur-Loire
Chantenay,44000,Nantes
Saint-Pierre-la-Cour,53410,Saint-Pierre-la-Cour
Laval,53000,Laval
Pontorson - Mont-Saint-Michel,50170,Pontorson
Corseul - Languenan,22130,Languenan
Miniac-Morvan,35540,Miniac-Morvan
La Fresnais,35111,Fresnais
Dingé,35440,Dingé
Montreuil-sur-Ille,35440,Montreuil-sur-Ille
Saint-Médard-sur-Ille,35250,Saint-Médard-sur-Ille
Saint-Gildas-des-Bois,44530,Saint-Gildas-des-Bois
Sévérac,44530,Sévérac
Questembert,56230,Questembert
Gestel,56530,Gestel
Auray,56400,Auray
Saint-Pol-de-Léon,29250,Saint-Pol-de-Léon
Guimiliau,29400,Guimiliau
Bannalec,29380,Bannalec
Quimper,29000,Quimper
Dirinon,29460,Dirinon
Paimpol,22500,Paimpol
Trégonneau - Squiffiec,22200,Squiffiec
Gourland,22200,Grâces
Les Mais,22160,Callac
Yffiniac,22120,Yffiniac
Lamballe,22400,Lamballe-Armor
Plestan,22640,Plestan
Noyal - Acigné,35530,Noyal-sur-Vilaine
Redon,35600,Redon
Guichen - Bourg-des-Comptes,35580,Guichen
Laillé,35890,Laillé
Villedieu-les-Poêles,50800,Villedieu-les-Poêles-Rouffigny
Carantilly - Marigny,50570,Carantilly
Cherbourg,50100,Cherbourg-en-Cotentin
Sées,61500,Sées
Serquigny,27470,Serquigny
Frénouville - Cagny,14630,Frénouville
Aytré Plage,17440,Aytré
La Rochelle Porte Dauphine,17000,Rochelle
Lancey,38190,Villard-Bonnot
Bonnières-sur-Seine,78270,Bonnières-sur-Seine
Saint-Pierre-du-Vauvray,27430,Saint-Pierre-du-Vauvray
Bourgtheroulde - Thuit-Hébert,27520,Grand Bourgtheroulde
Épouville,76133,Épouville
Harfleur Halte,76700,Harfleur
Foucart - Alvimare,76640,Foucart
Saint-Laurent - Gainneville,76700,Saint-Laurent-de-Brèvedent
Harfleur,76700,Harfleur
Saint-Martin-du-Vivier,76160,Saint-Martin-du-Vivier
Malaunay - Le Houlme,76770,Houlme
Mouans-Sartoux,06370,Mouans-Sartoux
Vaas,72500,Vaas
Mayet,72360,Mayet
Écommoy,72220,Écommoy
Arnage,72230,Arnage
Sablé-sur-Sarthe,72300,Sablé-sur-Sarthe
La Suze,72210,Suze-sur-Sarthe
Saint-Mars-la-Brière,72470,Saint-Mars-la-Brière
Rouessé-Vassé,72140,Rouessé-Vassé
Le Mans,72000,Mans
Saint-Aubin - Saint-Luperce,28300,Saint-Aubin-des-Bois
Maintenon,28130,Maintenon
Saint-Quentin en Yvelines - Montigny-le-Bretonneux,78180,Montigny-le-Bretonneux
Verneuil-sur-Avre,27130,Verneuil d'Avre et d'Iton
Petit Jouy - Les Loges,78350,Jouy-en-Josas
Beynes,78650,Beynes
Coignières,78310,Coignières
La Verrière,78320,Verrière
Issy-les-Moulineaux,92130,Issy-les-Moulineaux
Vanves - Malakoff,92170,Vanves
Conches-en-Ouche,27190,Conches-en-Ouche
Vernouillet - Verneuil,78480,Verneuil-sur-Seine
L'Étang-la-Ville,78620,Étang-la-Ville
Vaucresson,92420,Vaucresson
Cergy Préfecture,95800,Cergy
Cormeilles-en-Parisis,95240,Cormeilles-en-Parisis
Argenteuil,95100,Argenteuil
Meulan - Hardricourt,78250,Hardricourt
Triel-sur-Seine,78510,Triel-sur-Seine
Achères Ville,78260,Achères
Conflans Fin d'Oise,78700,Conflans-Sainte-Honorine
Saint-Ouen-l'Aumône Quartier de l'Église,95310,Saint-Ouen-l'Aumône
Sérifontaine,60590,Sérifontaine
Gisors,27140,Gisors
Chaumont-en-Vexin,60240,Chaumont-en-Vexin
Le Stade,92700,Colombes
Le Toec,31000,Toulouse
Bouchain,59111,Bouchain
Ostricourt,59162,Ostricourt
Lourches,59172,Lourches
Valenciennes,59300,Valenciennes
Vimy,62580,Vimy
Calonne-Ricouart,62470,Calonne-Ricouart
Vis à Marles,62156,Marles-les-Mines
Salomé,59496,Salomé
Thiennes,59189,Thiennes
Ham-en-Artois,62190,Ham-en-Artois
Boisleux-au-Mont,62175,Boisleux-au-Mont
Dives-sur-Mer Port Guillaume,14160,Dives-sur-Mer
Neuville Université,95000,Neuville-sur-Oise
Traou Nez,22860,Pleudaniel
Eu,76260,Eu
Caffiers,62132,Caffiers
Les Fontinettes,62100,Calais
Blangy-sur-Ternoise,62770,Blangy-sur-Ternoise
Auchy-lès-Hesdin,62770,Auchy-lès-Hesdin
Hesdin,62140,Hesdin
Wimille - Wimereux,62126,Wimereux
Pont de Briques,62360,Saint-Étienne-au-Mont
Neufchâtel-Hardelot,62152,Neufchâtel-Hardelot
Heilles - Mouchy,60250,Heilles
Thézy-Glimont,80110,Thézy-Glimont
Buire-sur-l'Ancre,80300,Buire-sur-l'Ancre
Heilly,80113,Heilly
Haute Picardie TGV,80200,Ablaincourt-Pressoir
Fouilloy,60220,Fouilloy
Cramoisy,60660,Cramoisy
Beauvais,60000,Beauvais
Marcelcave,80720,Marcelcave
Namps - Quevauvillers,80710,Namps-Maisnil
Montdidier,80500,Montdidier
Saint-Remy-en-l'Eau,60130,Saint-Remy-en-l'Eau
Saint-Just-en-Chaussée,60130,Saint-Just-en-Chaussée
Breteuil-Embranchement,60120,Bacouël
La Faloise,80250,Faloise
Longpré-les-Corps-Saints,80510,Longpré-les-Corps-Saints
Hangest-sur-Somme,80310,Hangest-sur-Somme
Saint-Roch,80000,Amiens
Besançon Franche-Comté TGV,25870,Auxons
Hachette,59530,Locquignol
Viry-Noureuil,02300,Viry-Noureuil
Versigny,02800,Versigny
Mennessis,02700,Mennessis
Fresnoy-le-Grand,02230,Fresnoy-le-Grand
Bohain-en-Vermandois,02110,Bohain-en-Vermandois
Origny-en-Thiérache,02550,Origny-en-Thiérache
Laon,02000,Laon
Sous le Bois,59600,Maubeuge
Recquignies,59245,Recquignies
Jeumont,59460,Jeumont
Maubeuge,59600,Maubeuge
Nortkerque,62370,Nortkerque
Lille Porte de Douai,59000,Lille
Ascq,59650,Villeneuve-d'Ascq
Roubaix,59100,Roubaix
La Fontaine,59136,Wavrin
Bailleul,59270,Bailleul
Grande-Synthe,59760,Grande-Synthe
Arnèke,59285,Arnèke
Esquelbecq,59470,Esquelbecq
Thourotte,60150,Thourotte
Chambly,60230,Chambly
Taverny,95150,Taverny
Montataire,60160,Montataire
Gros Noyer Saint-Prix,95120,Ermont
Persan - Beaumont,95340,Persan
Écouen - Ézanville,95440,Ézanville
Groslay,95410,Groslay
Pont-Sainte-Maxence,60700,Pont-Sainte-Maxence
Garges - Sarcelles,95140,Garges-lès-Gonesse
Saint-Ouen-l'Aumône,95310,Saint-Ouen-l'Aumône
Pierrelaye,95480,Pierrelaye
Champ de Courses d'Enghien,95230,Soisy-sous-Montmorency
Enghien-les-Bains,95880,Enghien-les-Bains
Corcy,02600,Corcy
Soissons,02200,Soissons
Vierzy,02210,Vierzy
Nanteuil-le-Haudouin,60440,Nanteuil-le-Haudouin
Villepinte,93420,Villepinte
Sevran - Livry,93270,Sevran
Aulnay-sous-Bois,93600,Aulnay-sous-Bois
Gennevilliers,92230,Gennevilliers
Paris Gare du Nord Surface Banlieue,75010,Paris
Tieffenbach - Struth,67290,Tieffenbach
Sarre-Union,67260,Sarre-Union
Bourg-Bruche,67420,Bourg-Bruche
Saint-Blaise-la-Roche Poutay,67420,Saint-Blaise-la-Roche
Wisches,67130,Wisches
Lutzelhouse,67130,Lutzelhouse
Urmatt,67280,Urmatt
Gresswiller,67190,Gresswiller
Molsheim,67120,Molsheim
Duttlenheim,67120,Duttlenheim
Entzheim Aéroport,67960,Entzheim
Lingolsheim,67380,Lingolsheim
Dorlisheim,67120,Dorlisheim
Barr,67140,Barr
Epfig,67680,Epfig
Erstein,67150,Erstein
Ebersheim,67600,Ebersheim
Wissembourg,67160,Wissembourg
Walbourg,67360,Walbourg
Gundershoffen,67110,Gundershoffen
Lauterbourg,67630,Lauterbourg
Herrlisheim,67850,Herrlisheim
Gambsheim,67760,Gambsheim
Fegersheim - Lipsheim,67640,Lipsheim
Saverne,67700,Saverne
Dettwiller,67490,Dettwiller
Wilwisheim,67270,Wilwisheim
Stephansfeld,67170,Brumath
Longuyon,54260,Longuyon
Montmédy,55600,Montmédy
Kalhausen,57412,Kalhausen
Hundling,57990,Hundling
Herny,57580,Herny
Baroncourt,55240,Dommary-Baroncourt
Novéant-sur-Moselle,57680,Novéant-sur-Moselle
Jœuf,54240,Jœuf
Homécourt,54310,Homécourt
Koenigsmacker,57110,Kœnigsmacker
Basse-Ham,57110,Basse-Ham
Hagondange,57300,Hagondange
Aillevillers,70320,Corbenay
Lure,70200,Lure
Colombier-Fontaine,25260,Colombier-Fontaine
Voujeaucourt,25420,Voujeaucourt
Trois Chênes,90000,Belfort
Bas Évette,90350,Évette-Salbert
Thann Saint-Jacques,68800,Thann
Merxheim,68500,Merxheim
Bollwiller,68540,Bollwiller
Staffelfelden,68850,Staffelfelden
Moosch,68690,Moosch
Bitschwiller-lès-Thann,68620,Bitschwiller-lès-Thann
Vieux-Thann,68800,Vieux-Thann
Luttenbach-près-Munster,68140,Luttenbach-près-Munster
Walbach,68230,Walbach
Herrlisheim-près-Colmar,68420,Herrlisheim-près-Colmar
Altkirch,68130,Altkirch
Rixheim,68170,Rixheim
Graffenwald,68700,Wittelsheim
Hasenrain,68100,Mulhouse
Clermont-en-Argonne,55120,Clermont-en-Argonne
Lérouville,55200,Lérouville
Mourmelon-le-Petit,51400,Mourmelon-le-Petit
Vitry-le-François,51300,Vitry-le-François
Châlons-en-Champagne,51000,Châlons-en-Champagne
Mohon,08000,Charleville-Mézières
Haybes,08170,Haybes
Laifour,08800,Laifour
Charleville-Mézières,08000,Charleville-Mézières
Guignicourt,02190,Villeneuve-sur-Aisne
Avenay-Val-d'Or,51160,Avenay-Val-d'Or
Stade de France Saint-Denis,93200,Saint-Denis
Pouxeux,88550,Pouxeux
Mirecourt,88500,Mirecourt
Igney,88150,Igney
Charmes,88130,Charmes
Bologne,52310,Bologne
Marbache,54820,Marbache
Neuves-Maisons,54230,Neuves-Maisons
Houdemont,54180,Houdemont
Azerailles,54122,Azerailles
Einvaux,54360,Einvaux
Rosières-aux-Salines,54110,Rosières-aux-Salines
Frouard,54390,Frouard
Jarville-la-Malgrange,54140,Jarville-la-Malgrange
Vendeuvre-sur-Barse,10140,Vendeuvre-sur-Barse
Troyes,10014,Troyes
La Ferté-Milon,02460,Ferté-Milon
Crouy-sur-Ourcq,77840,Crouy-sur-Ourcq
Chézy-sur-Marne,02570,Chézy-sur-Marne
Trilport,77470,Trilport
Roissy-en-Brie,77680,Roissy-en-Brie
Gretz-Armainvilliers,77220,Gretz-Armainvilliers
Allée de la Tour Rendez-Vous,93320,Villemomble
Paris Est,75010,Paris
Marne-la-Vallée Chessy,77700,Chessy
Base Aérienne,41200,Romorantin-Lanthenay
Danjoutin,90400,Danjoutin
Paris Bercy Bourgogne - Pays d'Auvergne,75012,Paris
Villetaneuse Université T11,93430,Villetaneuse
Montpellier Sud de France,34000,Montpellier
Bailly T13,78870,Bailly
Allée Royale T13,78210,Saint-Cyr-l'École
Lisière Pereire T13,78100,Saint-Germain-en-Laye
Bagnols-sur-Cèze,30200,Bagnols-sur-Cèze
Remise à Jorelle,93140,Bondy
Bena Fanes,66760,Enveitg
Ur - Les Escaldes,66760,Ur
Err,66800,Err
Serdinya,66360,Serdinya
Ria-Sirach,66500,Ria-Sirach
Marquixanes,66320,Marquixanes
Vinça,66320,Vinça
Ille-sur-Têt,66130,Ille-sur-Têt
Rivesaltes,66600,Rivesaltes
Le Bruel,48056,Esclanèdes
Les Salelles,48230,Salelles
Saint-Georges-de-Luzençon,12100,Saint-Georges-de-Luzençon
Sévérac-d'Aveyron,12150,Sévérac d'Aveyron
Chirac,48100,Bourgs sur Colagne
Aumont-Aubrac,48130,Peyre en Aubrac
Nozières - Brignon,30190,Brignon
La Bastide - Saint-Laurent-les-Bains,48250,Bastide-Puylaurent
Uchaud,30620,Uchaud
Beaucaire,30300,Beaucaire
Carpentras,84000,Carpentras
Montfavet,84140,Avignon
Avignon Centre,84000,Avignon
Bollène La Croisière,84500,Bollène
Briançon,05100,Briançon
Chorges,05230,Chorges
Gap,05000,Gap
Luc-en-Diois,26310,Luc-en-Diois
Saillans,26340,Saillans
Poliénas,38210,Poliénas
Valence Ville,26000,Valence
Saint-Joseph le Castellas,13015,Marseille
Ranguin,06150,Cannes
Antibes,06600,Antibes
Juan les Pins,06160,Antibes
Mandelieu-la-Napoule,06210,Mandelieu-la-Napoule
Le Trayas,83530,Saint-Raphaël
Anthéor Cap Roux,83530,Saint-Raphaël
Le Dramont,83530,Saint-Raphaël
Saint-Raphaël,83700,Saint-Raphaël
Viévola,06430,Tende
Saint-Dalmas de Tende,06430,Tende
Touët-de-l'Escarène,06440,Touët-de-l'Escarène
La Trinité Victor,06340,Trinité
Villefranche-sur-Mer,06230,Villefranche-sur-Mer
Nice Riquier,06300,Nice
La Crau,83260,Crau
Les Arcs - Draguignan,83460,Arcs
Solliès-Pont,83210,Solliès-Pont
La Pauline Hyères,83130,Garde
Bandol,83150,Bandol
Toulon,83000,Toulon
Salon-de-Provence,13300,Salon-de-Provence
Orgon,13660,Orgon
Saint-Martin-de-Crau,13310,Saint-Martin-de-Crau
Sausset-les-Pins,13960,Sausset-les-Pins
Rassuen,13800,Istres
Istres,13800,Istres
Sainte-Marthe en Provence,13014,Marseille
La Ciotat - Ceyreste,13600,Ciotat
Château-Arnoux-Saint-Auban,04160,Château-Arnoux-Saint-Auban
Lus-la-Croix-Haute,26620,Lus-la-Croix-Haute
Clelles - Mens,38930,Clelles
Saint-Georges-de-Commiers,38450,Saint-Georges-de-Commiers
Pontcharra sur Bréda,38530,Pontcharra
Brignoud,38190,Villard-Bonnot
Moirans,38430,Moirans
Le Grand-Lemps,38690,Grand-Lemps
Châbons,38690,Châbons
Virieu sur Bourbre,38730,
La Joux,74400,Chamonix-Mont-Blanc
Les Praz de Chamonix,74400,Chamonix-Mont-Blanc
Vaudagne,74310,Houches
Servoz,74310,Servoz
Chedde,74190,Passy
Sallanches - Combloux - Megève,74700,Sallanches
Magland,74300,Magland
Rumilly,74150,Rumilly
Saint-Rambert-en-Bugey,01230,Saint-Rambert-en-Bugey
Saint-Michel - Valloire,73450,Saint-Michel-de-Maurienne
Saint-Jean-de-Maurienne Arvan,73300,Saint-Jean-de-Maurienne
Modane,73500,Modane
Bourg-Saint-Maurice,73700,Bourg-Saint-Maurice
Massiac - Blesle,15500,Massiac
Luc,48250,Luc
Paulhaguet,43230,Paulhaguet
Le Breuil-sur-Couze,63340,Breuil-sur-Couze
Aubiat,63260,Aubiat
Pont-du-Château,63430,Pont-du-Château
Gerzat,63360,Gerzat
Gannat,03800,Gannat
Roanne,42300,Roanne
La Ricamarie,42150,Ricamarie
Veauche - Saint-Galmier,42340,Veauche
Saint-Étienne Bellevue,42100,Saint-Étienne
Vonnas,01540,Vonnas
Mâcon,71000,Mâcon
Chalon-sur-Saône,71100,Chalon-sur-Saône
Servas - Lent,01960,Servas
Sathonay - Rillieux,69580,Rillieux-la-Pape
Miribel,01700,Miribel
Saint-André-le-Gaz,38490,Saint-André-le-Gaz
Bourgoin-Jallieu,38300,Bourgoin-Jallieu
Saint-Priest,69800,Saint-Priest
Le Péage-de-Roussillon,38550,Péage-de-Roussillon
Vienne,38200,Vienne
Estressin,38200,Vienne
Vernaison,69390,Vernaison
Lamure-sur-Azergues,69870,Lamure-sur-Azergues
Tassin,69160,Tassin-la-Demi-Lune
Ecully - Tassin,69130,Tassin-la-Demi-Lune
Chazay - Marcilly,69380,Marcilly-d'Azergues
Belleville sur Sâone,69220,Belleville-en-Beaujolais
Couzon-au-Mont-d'Or,69270,Couzon-au-Mont-d'Or
Lyon Saint-Paul,69005,Lyon
Régny,42630,Régny
Arc-et-Senans,25610,Arc-et-Senans
Mouchard,39330,Mouchard
Orchamps,39700,Orchamps
Lons-le-Saunier,39000,Lons-le-Saunier
Domblans - Voiteur,39210,Domblans
Poligny,39800,Poligny
Besançon Viotte,25000,Besançon
Saint-Laurent-en-Grandvaux,39150,Saint-Laurent-en-Grandvaux
La Rivière-Drugeon,25560,Rivière-Drugeon
Frasne,25560,Frasne
Saint-Julien - Clénay,21490,Saint-Julien
Saulon,21910,Bretenière
Vougeot - Gilly-lès-Cîteaux,21640,Gilly-lès-Cîteaux
Villers-les-Pots,21130,Villers-les-Pots
Montbard,21500,Montbard
Verrey-sous-Salmaise,21540,Verrey-sous-Salmaise
Blaisy-Bas,21540,Blaisy-Bas
Longecourt-en-Plaine,21230,Longecourt-en-Plaine
Lantenay,21370,Lantenay
Coulanges-sur-Yonne,89480,Coulanges-sur-Yonne
Clamecy,58500,Clamecy
Cercy-la-Tour,58340,Cercy-la-Tour
Béard,58160,Béard
Dompierre Sept Fons,03290,Dompierre-sur-Besbre
Moulins sur Allier,03000,Moulins
Tronsanges,58400,Tronsanges
Pouilly-sur-Loire,58150,Pouilly-sur-Loire
Saint-Agnan,71160,Saint-Agnan
Chauffailles,71170,Chauffailles
La Clayette - Baudemont,71800,Clayette
Brion - Laizy,71190,Laizy
Saint-Symphorien-de-Marmagne,71710,Saint-Symphorien-de-Marmagne
La Marche,58400,Marche
Paris Gare de Lyon RER,75012,Paris
Nogent-sur-Vernisson,45290,Nogent-sur-Vernisson
Ferrières - Fontenay,45210,Fontenay-sur-Loing
Cravant - Bazarnes,89460,Bazarnes
Champs - Saint-Bris,89290,Champs-sur-Yonne
Chemilly - Appoigny,89250,Chemilly-sur-Yonne
Ponthierry - Pringy,77310,Saint-Fargeau-Ponthierry
Chartrettes,77590,Chartrettes
Thomery,77300,Thomery
Combs-la-Ville - Quincy,77380,Combs-la-Ville
Boutigny-sur-Essonne,91820,Boutigny-sur-Essonne
Le Bras de Fer,91000,Évry-Courcouronnes
Évry Val de Seine,91000,Évry-Courcouronnes
Les Deux Jumeaux,64700,Hendaye
Halsou - Larressore,64480,Halsou
Villefranque,64990,Villefranque
Bénesse-Maremne,40230,Bénesse-Maremne
Croix du Prince,64000,Jurançon
Peyrehorade,40300,Peyrehorade
Puyoô,64270,Puyoô
Coarraze - Nay,64800,Coarraze
Saint-Martin-d'Oney,40090,Saint-Martin-d'Oney
Ossun,65380,Ossun
Tournay,65190,Tournay
Le Rouget,15290,Rouget-Pers
Aurillac,15000,Aurillac
Vallon-en-Sully,03190,Hérisson
Huriel,03380,Huriel
Louroux-de-Bouble,03330,Louroux-de-Bouble
Montluçon,03100,Montluçon
Villenouvelle,31290,Villenouvelle
Naucelle,12800,Naucelle
Rabastens - Coufouleux,81800,Coufouleux
Carcassonne,11000,Carcassonne
Albi Madeleine,81000,Albi
Villefranche-de-Lauragais,31290,Villefranche-de-Lauragais
Albi,81000,Albi
Villefranche-de-Rouergue,12200,Villefranche-de-Rouergue
Laguépie,82250,Laguépie
Albias,82350,Albias
Lalbenque - Fontanes,46230,Fontanes
Gourdon,46300,Gourdon
Assier,46320,Assier
Rocamadour - Padirac,46500,Rocamadour
Labège Village,31670,Labège
Labège Innopole,31670,Labège
Route de Launaguet,31140,Toulouse
Castelsarrasin,82100,Castelsarrasin
Lamagistère,82360,Lamagistère
Mérenvielle,31530,Mérenvielle
Aubiet,32270,Aubiet
Grisolles,82170,Grisolles
Tarascon-sur-Ariège,09400,Tarascon-sur-Ariège
Ax-les-Thermes,09110,Ax-les-Thermes
Venerque - Vernet,31810,Vernet
Varilhes,09120,Varilhes
Montauban Ville Bourbon,82000,Montauban
Felletin,23500,Felletin
Aubusson,23200,Aubusson
Vieilleville,23210,Mourioux-Vieilleville
Guéret,23000,Guéret
Éguzon-Chantôme,36270,Éguzon-Chantôme
Chabenet,36800,Pont-Chrétien-Chabenet
Luant,36350,Luant
Issoudun,36100,Issoudun
Reuilly,36260,Reuilly
Siorac-en-Périgord,24170,Siorac-en-Périgord
Mauzens-et-Miremont,24260,Mauzens-et-Miremont
Milhac-d'Auberoche,24330,Bassillac et Auberoche
Montpon-Ménestérol,24700,Montpon-Ménestérol
Saint-Astier,24110,Saint-Astier
Agonac,24460,Agonac
Masseret,19510,Masseret
Laval-de-Cère,46130,Laval-de-Cère
Saint-Aulaire,19130,Saint-Aulaire
Varetz,19240,Varetz
Cornil,19150,Cornil
Terrasson-Lavilledieu,24120,Terrasson-Lavilledieu
Condat - Le Lardin,24570,Lardin-Saint-Lazare
Égletons,19300,Égletons
Saillat - Chassenon,87720,Saillat-sur-Vienne
L'Aiguille,87110,Bosmie-l'Aiguille
La Coquille,24450,Coquille
Vaulry,87140,Vaulry
Nantiat,87140,Nantiat
Peyrilhac - Saint-Jouvent,87510,Peyrilhac
Nieul,87510,Nieul
Bersac-sur-Rivalier,87370,Bersac-sur-Rivalier
Ambazac,87240,Ambazac
La Porcherie,87380,Porcherie
Châteauneuf - Bujaleuf,87460,Neuvic-Entier
Brignac,87400,Royères
Saint-Priest-Taurion,87480,Saint-Priest-Taurion
Haluchère Batignolles,44300,Nantes
Pont-du-Casse,47480,Pont-du-Casse
La Gorp,33380,Ambarès-et-Lagrave
Saint-Loubès,33450,Saint-Loubès
Saint-Sulpice - Izon,33450,Saint-Sulpice-et-Cameyrac
Lalinde,24150,Lalinde
Lamothe-Montravel,24230,Lamothe-Montravel
Caudrot,33490,Caudrot
Saint-Pierre-d'Aurillac,33490,Saint-Pierre-d'Aurillac
Preignac,33210,Preignac
Barsac,33720,Barsac
Le Teich,33470,Teich
Pessac,33600,Pessac
La Guerche-sur-l'Aubois,18150,Guerche-sur-l'Aubois
Bengy-sur-Craon,18520,Bengy-sur-Craon
Saint-Germain-du-Puy,18390,Saint-Germain-du-Puy
Châteauneuf-sur-Cher,18190,Châteauneuf-sur-Cher
Les Quatre Roues,41200,Pruniers-en-Sologne
Mignaloux - Nouaillé,86550,Mignaloux-Beauvoir
Épanvilliers,86510,Blanzay
Vivonne,86370,Vivonne
Dissay,86130,Dissay
Sainte-Maure - Noyant,37800,Noyant-de-Touraine
Saint-Aignan - Noyers,41110,Noyers-sur-Cher
Véretz - Montlouis,37270,Montlouis-sur-Loire
Menars,41500,Menars
Suèvres,41500,Suèvres
Meung-sur-Loire,45130,Meung-sur-Loire
Saint-Genouph,37510,Saint-Genouph
Langeais,37130,Langeais
Rivarennes,37190,Rivarennes
Saint-Antoine-du-Rocher,37360,Saint-Antoine-du-Rocher
Loches,37600,Loches
Reignac-sur-Indre,37310,Reignac-sur-Indre
Courcay - Tauxigny,37310,Courçay
Montlouis-sur-Loire,37270,Montlouis-sur-Loire
Tours,37000,Tours
Les Saules,94310,Orly
Châteaudun,28200,Châteaudun
Villeneuve-le-Roi,94290,Villeneuve-le-Roi
Athis-Mons,91200,Athis-Mons
Épinay-sur-Orge,91360,Épinay-sur-Orge
Brétigny-sur-Orge,91220,Brétigny-sur-Orge
Bouray,91850,Lardy
Chamarande,91730,Chamarande
La Chapelle-Saint-Mesmin,45380,Chapelle-Saint-Mesmin
Theillay,41300,Theillay
Nouan-le-Fuzelier,41600,Nouan-le-Fuzelier
Cercottes,45520,Cercottes
Mulhouse Musées,68100,Mulhouse
Gauriaguet,33240,Gauriaguet
Saint-Mariens - Saint-Yzan,33620,Saint-Yzan-de-Soudiac
Pons,17800,Pons
Beillant,17800,Saint-Sever-de-Saintonge
Saumur,49400,Saumur
Torfou-Sèvremoine,49660,Sèvremoine
Les Sables-d'Olonne,85100,Sables-d'Olonne
Chantonnay,85110,Chantonnay
La Chaize-le-Vicomte,85310,Chaize-le-Vicomte
Belleville-sur-Vie,85170,Bellevigny
Lusignan,86600,Lusignan
La Mothe-Saint-Héray,79800,Mothe-Saint-Héray
Prissé-la-Charrière,79360,Plaine-d'Argenson
Mauzé-sur-le-Mignon,79210,Mauzé-sur-le-Mignon
Surgères,17700,Surgères
La Rochelle,17000,Rochelle
Étriché - Châteauneuf,49330,Étriché
Angers Maître École,49000,Angers
Couëron,44220,Couëron
Donges,44480,Donges
Montoir-de-Bretagne,44550,Montoir-de-Bretagne
Machecoul,44270,Machecoul-Saint-Même
Nantes,44041,Nantes
Le Genest-Saint-Isle,53940,Genest-Saint-Isle
Neau,53150,Neau
Dinan,22100,Dinan
La Hisse,22100,Saint-Samson-sur-Rance
Saint-Malo,35400,Saint-Malo
Saint-Germain-sur-Ille,35250,Saint-Germain-sur-Ille
Malansac,56220,Malansac
Vannes,56000,Vannes
Belz - Ploemel,56550,Ploemel
L'Isthme,56170,Saint-Pierre-Quiberon
Landévant,56690,Landévant
Landivisiau,29400,Landivisiau
Lancerf,22860,Plourivo
Coat Guégan,22390,Pont-Melvez
Plougonver,22810,Plougonver
Moustéru,22200,Moustéru
Carhaix-Plouguer,29270,Carhaix-Plouguer
Plancoët,22130,Plancoët
Landébia,22130,Landébia
Lannion,22300,Lannion
Guingamp,22200,Guingamp
Plounérin,22780,Plounérin
Plouvara - Plerneuf,22170,Plouvara
La Méaugon,22440,Méaugon
Saint-Brieuc,22000,Saint-Brieuc
Mulhouse Zu Rhein,68200,Mulhouse
Châteaubourg,35220,Châteaubourg
Martigné-Ferchaud,35640,Martigné-Ferchaud
Massérac,44290,Massérac
Fougeray - Langon,35390,Langon
Breteil,35160,Breteil
Montauban-de-Bretagne,35360,Montauban-de-Bretagne
L'Hermitage - Mordelles,35590,Hermitage
Chamonix Aiguille du Midi,74400,Chamonix-Mont-Blanc
L'Aigle,61300,Aigle
Sainte-Gauburge,61370,Sainte-Gauburge-Sainte-Colombe
Surdon,61570,Château-d'Almenêches
Le Grand Jardin,14190,Lisieux
Bernay,27300,Bernay
Mézidon-Canon,14270,Mézidon Vallée d'Auge
Audrieu,14250,Audrieu
Bretteville - Norrey,14740,Saint-Manvieu-Norrey
Caen,14000,Caen
Rosny-sur-Seine,78710,Rosny-sur-Seine
Saint-Aubin-sur-Scie,76550,Saint-Aubin-sur-Scie
Yvetot,76190,Yvetot
Étainhus - Saint-Romain,76430,Étainhus
Clères,76690,Clères
Montérolier - Buchy,76680,Montérolier
Longuerue - Vieux-Manoir,76750,Vieux-Manoir
Saint-Étienne-du-Rouvray,76800,Saint-Étienne-du-Rouvray
Château-du-Loir,72500,Montval-sur-Loir
La Ferté-Bernard,72400,Ferté-Bernard
Connerré - Beillé,72160,Beillé
Montfort-le-Gesnois,72450,Montfort-le-Gesnois
La Hutte Coulombiers,72130,
Courtalain - Saint-Pellerin,28290,Commune nouvelle d'Arrou
Bailleau-le-Pin,28120,Bailleau-le-Pin
Nogent-le-Rotrou,28400,Nogent-le-Rotrou
Condé-sur-Huisne,61110,Sablons sur Huisne
Bretoncelles,61110,Bretoncelles
Courville-sur-Eure,28190,Courville-sur-Eure
Jouy,28300,Jouy
Villiers - Neauphle - Pontchartrain,78640,Villiers-Saint-Frédéric
Petit Vaux,91360,Épinay-sur-Orge
Bièvres,91570,Bièvres
Vauboyen,78350,Jouy-en-Josas
Tacoignières - Richebourg,78910,Tacoignières
Orgerus - Béhoust,78910,Orgerus
Viroflay Rive Gauche,78220,Viroflay
Porchefontaine,78000,Versailles
Versailles Château Rive Gauche,78000,Versailles
Sèvres Rive Gauche,92310,Sèvres
Champ de Mars Tour Eiffel,75015,Paris
Versailles Chantiers,78000,Versailles
Évreux Normandie,27000,Évreux
Épône - Mézières,78680,Épône
Villennes-sur-Seine,78670,Villennes-sur-Seine
Maisons-Laffitte,78600,Maisons-Laffitte
Sartrouville,78500,Sartrouville
Mareil-Marly,78750,Mareil-Marly
Louveciennes,78430,Louveciennes
Conflans-Sainte-Honorine,78700,Conflans-Sainte-Honorine
Herblay,95220,Herblay-sur-Seine
Thun le Paradis,78250,Meulan-en-Yvelines
Val d'Argenteuil,95100,Argenteuil
Nézel - Aulnay,78410,Nézel
Bréval,78980,Bréval
Juziers,78820,Juziers
Mantes-la-Jolie,78200,Mantes-la-Jolie
Éragny - Neuville,95610,Éragny
Trie-Château,60590,Trie-Château
Liancourt-Saint-Pierre,60240,Liancourt-Saint-Pierre
Lavilletertre,60240,Lavilletertre
Chars,95750,Chars
Boissy-l'Aillerie,95650,Boissy-l'Aillerie
Clichy - Levallois,92110,Levallois-Perret
Neuilly Porte Maillot RER E,75017,Paris
Bertry,59980,Bertry
Maurois,59980,Maurois
Escaudœuvres,59161,Escaudœuvres
Sallaumines,62430,Sallaumines
Pont de Sallaumines,62430,Sallaumines
Corbehem,62112,Corbehem
Douai,59500,Douai
Trith-Saint-Léger,59125,Trith-Saint-Léger
Saint-Pol-sur-Ternoise,62130,Saint-Pol-sur-Ternoise
Frévin-Capelle,62690,Frévin-Capelle
Fouquereuil,62232,Fouquereuil
Bully - Grenay,62160,Bully-les-Mines
Monte-Carlo Country Club,06190,Roquebrune-Cap-Martin
Montluçon Rimard,03100,Montluçon
Beau Marais,62100,Calais
Boulogne-sur-Mer,62200,Boulogne-sur-Mer
Le Tréport - Mers-les-Bains,76470,Tréport
Abbeville,80100,Abbeville
Marquise - Rinxent,62250,Rinxent
Anvin,62134,Anvin
Maresquel-Ecquemicourt,62990,Maresquel-Ecquemicourt
Brimeux,62170,Brimeux
Montreuil sur Mer,62170,Montreuil
Le Haut Banc,62250,Ferques
Dreuil-lès-Amiens,80730,Dreuil-lès-Amiens
Hermes - Berthecourt,60370,Berthecourt
Balagny Saint-Épin,60250,Balagny-sur-Thérain
Villers-Bretonneux,80380,Villers-Bretonneux
Tricot,60420,Tricot
Hargicourt - Pierrepont,80500,
Clermont de l'Oise,60600,Clermont
Méricourt - Ribemont,80340,Méricourt-l'Abbé
Belfort - Montbéliard TGV,90400,Meroux-Moval
Vauxaillon,02320,Vauxaillon
Verneuil-sur-Serre,02000,Verneuil-sur-Serre
Appilly,60400,Appilly
Crépy - Couvron,02870,Crépy
Marle sur Serre,02250,Marle
Saint-Quentin,02100,Saint-Quentin
Louvroil,59720,Louvroil
Le Cateau-Cambrésis,59360,Cateau-Cambrésis
Orchies,59310,Orchies
Landas,59310,Landas
Ronchin,59790,Ronchin
Wavrin,59136,Wavrin
Steenwerck,59181,Steenwerck
Hellemmes,59260,Lille
Lyon Jean Macé,69007,Lyon
Audruicq,62370,Audruicq
Coudekerque-Branche,59210,Coudekerque-Branche
Noyon,60400,Noyon
Frépillon,95740,Frépillon
Vaucelles,95150,Taverny
L'Isle-Adam - Parmain,95290,Parmain
Villers-Saint-Paul,60870,Villers-Saint-Paul
Longueil-Sainte-Marie,60126,Longueil-Sainte-Marie
La Borne Blanche,60560,Orry-la-Ville
Pont Petit,95310,Saint-Ouen-l'Aumône
Ermont - Eaubonne,95120,Ermont
Les Grésillons,92230,Gennevilliers
Le Plessis-Belleville,60330,Plessis-Belleville
Mitry - Claye,77290,Mitry-Mory
Le Bourget,93350,Bourget
Saint-Ouen,93400,Saint-Ouen-sur-Seine
Pierrefitte - Stains T11,93380,Pierrefitte-sur-Seine
Saint-Denis,93200,Saint-Denis
Oermingen,67970,Oermingen
Lutzelbourg,57820,Lutzelbourg
Igney - Avricourt,54450,Avricourt
Réding,57444,Réding
Fouday,67130,Fouday
Schirmeck - La Broque,67130,Schirmeck
Russ Hersbach,67130,Wisches
Duppigheim,67120,Duppigheim
Goxwiller,67210,Goxwiller
Wingen-sur-Moder,67290,Wingen-sur-Moder
Hoerdt,67720,Hœrdt
Weyersheim,67720,Weyersheim
Bischwiller,67240,Bischwiller
Hoffen,67250,Hoffen
Reichshoffen,67110,Reichshoffen
Schweighouse-sur-Moder,67590,Schweighouse-sur-Moder
Seltz,67470,Seltz
Roppenheim,67930,Roppenheim
Rountzenheim,67480,Rountzenheim-Auenheim
Sessenheim,67770,Sessenheim
Drusenheim,67410,Drusenheim
La Wantzenau,67610,Wantzenau
Graffenstaden,67400,Geispolsheim
Hochfelden,67270,Hochfelden
Mommenheim,67670,Mommenheim
Vendenheim,67550,Vendenheim
Mundolsheim,67450,Mundolsheim
Audun-le-Roman,54560,Audun-le-Roman
Zetting,57115,Zetting
Hombourg-Haut,57470,Hombourg-Haut
Béning,57800,Béning-lès-Saint-Avold
Rémilly,57580,Rémilly
Courcelles-sur-Nied,57530,Courcelles-sur-Nied
Peltre,57245,Peltre
Rombas - Clouange,57120,Rombas
Moyeuvre-Grande,57250,Moyeuvre-Grande
Apach,57480,Apach
Waligator Parc,57433,Maizières-lès-Metz
Montbéliard,25200,Montbéliard
Metzeral,68380,Metzeral
Kruth,68820,Kruth
Cernay (Haut-Rhin),68700,Cernay
Munster,68140,Munster
Dannemarie,68210,Dannemarie
Sierentz,68510,Sierentz
Mulhouse,68100,Mulhouse
Mulhouse Dornach,68200,Mulhouse
Étain,55400,Étain
Verdun,55100,Verdun
Commercy,55200,Commercy
Chevillon,52170,Chevillon
Bar-le-Duc,55000,Bar-le-Duc
Liart,08290,Liart
Amagne - Lucquy,08300,Coucy
Lumes,08440,Lumes
Poix-Terron,08430,Poix-Terron
Givet,08600,Givet
Bogny-sur-Meuse,08120,Bogny-sur-Meuse
Saint-Erme-Outre-et-Ramecourt,02820,Saint-Erme-Outre-et-Ramecourt
Sept-Saulx,51400,Sept-Saulx
Prunay,51360,Prunay
Rilly-la-Montagne,51500,Rilly-la-Montagne
Ay,51160,Aÿ-Champagne
Épernay,51200,Épernay
Dormans,51700,Dormans
Muizon,51140,Muizon
Reims Maison Blanche,51300,Reims
Étival-Clairefontaine,88480,Étival-Clairefontaine
Raon-l'Étape,88110,Raon-l'Étape
Vraincourt - Viéville,52310,Vraincourt
Vignory,52320,Vignory
Culmont - Chalindrey,52600,Chalindrey
Langres,52200,Langres
Belleville,54940,Belleville
Pont-Saint-Vincent,54550,Pont-Saint-Vincent
Ludres,54710,Ludres
Bayon,54290,Bayon
Toul,54200,Toul
Bar-sur-Aube,10200,Bar-sur-Aube
Nogent-sur-Seine,10400,Nogent-sur-Seine
Château-Thierry,02400,Château-Thierry
Changis - Saint-Jean,77660,Changis-sur-Marne
Lagny - Thorigny,77400,Thorigny-sur-Marne
Coulommiers,77120,Coulommiers
Faremoutiers - Pommeuse,77515,Pommeuse
Guérard - La Celle-sur-Morin,77580,Guérard
Mortcerf,77163,Mortcerf
Marles-en-Brie,77610,Houssaye-en-Brie
Sainte-Colombe Septveilles,77650,Sainte-Colombe
Longueville,77650,Longueville
Les Boullereaux Champigny,94500,Champigny-sur-Marne
Rosny Bois Perrier,93110,Rosny-sous-Bois
Noisy-le-Sec,93130,Noisy-le-Sec
Pantin,93500,Pantin
La Douzillère,37300,Joué-lès-Tours
Bedous,64490,Bedous
Rosa Parks,75019,Paris
Aigrefeuille Le Thou,17290,Aigrefeuille-d'Aunis
Bidos,64400,Bidos
Labergement-Sainte-Marie,25160,Labergement-Sainte-Marie
Joncherey,90100,Joncherey
Les Portes de Saint-Cyr T13,78210,Saint-Cyr-l'École
L'Étang-la-Ville - Les Sablons,78620,Étang-la-Ville
Cerbère,66290,Cerbère
Bolquère - Eyne,66210,Cabanasse
Mont-Louis - La Cabanasse,66210,Cabanasse
Sauto,66210,Sauto
Le Soler,66270,Soler
Port-Vendres,66660,Port-Vendres
Elne,66200,Elne
Salses-le-Château,66600,Salses-le-Château
Barjac,48000,Barjac
Le Monastier-Pin-Moriès,48100,Bourgs sur Colagne
Saint-Flour - Chaudes-Aigues,15100,Saint-Flour
Millau,12100,Millau
Le Bousquet-d'Orb,34260,Bousquet-d'Orb
Agde,34300,Agde
Coursan,11110,Coursan
Narbonne,11100,Narbonne
Port-la-Nouvelle,11210,Port-la-Nouvelle
Le Grau-du-Roi,30240,Grau-du-Roi
Chamborigaud,30530,Chamborigaud
Gallargues-le-Montueux,30660,Gallargues-le-Montueux
Villeneuve-lès-Maguelone,34750,Villeneuve-lès-Maguelone
Sète,34200,Sète
Entraigues-sur-la-Sorgue,84320,Entraigues-sur-la-Sorgue
Morières-lès-Avignon,84310,Morières-lès-Avignon
Pierrelatte,26700,Pierrelatte
Serres,05700,Serres
Lyon Saint-Exupéry TGV,69125,Colombier-Saugnieu
Die,26150,Die
Tullins Fures,38210,Tullins
Loriol-sur-Drôme,26270,Loriol-sur-Drôme
Saint-Rambert-d'Albon,26140,Saint-Rambert-d'Albon
Picon Busserine,13014,Marseille
Grasse,06520,Grasse
Agay,83530,Saint-Raphaël
Boulouris sur Mer,83700,Saint-Raphaël
Fontan - Saorge,06540,Fontan
Sospel,06380,Sospel
Peillon Sainte-Thècle,06440,Peillon
Drap - Cantaron,06340,Trinité
Menton,06500,Menton
Carnoles,06180,Roquebrune-Cap-Martin
Beaulieu-sur-Mer,06310,Beaulieu-sur-Mer
Nice Saint-Augustin,06200,Nice
Vidauban,83550,Vidauban
Ollioules - Sanary-sur-Mer,83190,Ollioules
Saint-Cyr Les Lecques - La Cadière,83270,Saint-Cyr-sur-Mer
Lamanon,13113,Lamanon
Niolon,13740,Marseille
Martigues,13117,Martigues
Septèmes-les-Vallons,13240,Septèmes-les-Vallons
La Pomme,13011,Marseille
Gardanne,13120,Gardanne
Pertuis,84120,Pertuis
Manosque - Gréoux-les-Bains,04100,Manosque
Jarrie - Vizille,38560,Jarrie
Goncelin,38570,Goncelin
Voiron,38500,Voiron
Rives,38140,Rives
Grenoble,38000,Grenoble
Vallorcine,74660,Vallorcine
Les Tines,74400,Chamonix-Mont-Blanc
Chamonix-Mont-Blanc,74400,Chamonix-Mont-Blanc
Les Houches,74310,Houches
Reignier-Ésery,74930,Reignier-Ésery
Saint-Gervais-les-Bains Le Fayet,74170,Saint-Gervais-les-Bains
Groisy - Thorens-Glières,74570,Groisy
Seyssel - Corbonod,01420,Corbonod
Pougny - Chancy,01550,Pougny
Tenay - Hauteville,01970,Argis
Oyonnax,01100,Oyonnax
Nurieux-Volognat,01760,Nurieux-Volognat
Villereversure,01250,Villereversure
Pont-d'Ain,01160,Pont-d'Ain
Saint-Martin-du-Mont,01160,Saint-Martin-du-Mont
Landry,73210,Landry
Notre-Dame de Briançon,73260,Léchère
Saint-Béron - La Bridoire,73520,Saint-Béron
Lépin-le-Lac - La Bauche,73610,Lépin-le-Lac
Pont de Dore,63920,Peschadoires
Monistrol-d'Allier,43580,Monistrol-d'Allier
Langeac,43300,Langeac
Saint-Georges-d'Aurac,43230,Paulhaguet
Arvant,43360,Bournoncle-Saint-Pierre
Le Cendre - Orcet,63670,Cendre
Riom - Châtel-Guyon,63200,Riom
Saint-Germain-des-Fossés,03260,Saint-Germain-des-Fossés
Alleyras,43580,Alleyras
Aurec-sur-Loire,43110,Aurec-sur-Loire
Saint-Romain-le-Puy,42610,Saint-Romain-le-Puy
Sury-le-Comtal,42450,Sury-le-Comtal
Saint-Étienne La Terrasse,42000,Saint-Étienne
Échirolles,38130,Échirolles
Senozan,71260,Senozan
Sennecey-le-Grand,71240,Sennecey-le-Grand
Saint-Paul-de-Varax,01240,Saint-Paul-de-Varax
Marlieux - Châtillon,01240,Marlieux
Saint-Marcel en Dombes,01390,Saint-Marcel
Saint-André-de-Corcy,01390,Saint-André-de-Corcy
Mionnay,01390,Mionnay
Les Échets,01700,Miribel
Meximieux - Pérouges,01800,Meximieux
La Valbonne,01360,Balan
Montluel,01120,Montluel
La Verpillière,38290,Verpillière
Vénissieux,69200,Vénissieux
Alaï,69340,Tassin-la-Demi-Lune
Brignais,69530,Brignais
Chasse-sur-Rhône,38670,Chasse-sur-Rhône
Sérézin-du-Rhône,69360,Sérézin-du-Rhône
Grigny le Sablon,69520,Grigny
Châtillon d'Azergues,69380,Châtillon
Civrieux-d'Azergues,69380,Civrieux-d'Azergues
Charbonnières-les-Bains,69260,Charbonnières-les-Bains
Pontcharra - Saint-Forgeux,69490,Vindry-sur-Turdine
Lozanne,69380,Lozanne
Saint-Germain-au-Mont-d'Or,69650,Saint-Germain-au-Mont-d'Or
Valdahon,25800,Valdahon
Cousance,39190,Cousance
Arbois,39600,Arbois
La Chaumusse - Fort-du-Plasne,39150,Chaumusse
Is-sur-Tille,21120,Is-sur-Tille
Mervans,71310,Mervans
Aiserey,21110,Aiserey
Nuits sous Ravières,89390,Nuits
Mâlain,21410,Mâlain
Bretigny - Norges,21490,Bretigny
École-Valentin,25480,École-Valentin
Luzy,58170,Luzy
Imphy,58160,Imphy
Saincaize-Meauce,58470,Saincaize-Meauce
Mesves - Bulcy,58400,Mesves-sur-Loire
Digoin,71160,Digoin
Ciry-le-Noble,71420,Ciry-le-Noble
Blanzy,71450,Blanzy
Autun,71400,Autun
Saint-Léger-sur-Dheune,71510,Saint-Léger-sur-Dheune
Montchanin,71210,Montchanin
Étang-sur-Arroux,71190,Étang-sur-Arroux
Le Creusot,71200,Creusot
Dordives,45680,Dordives
Avallon,89200,Avallon
Vermenton,89270,Vermenton
Saint-Florentin - Vergigny,89600,Vergigny
Villeneuve-sur-Yonne,89500,Villeneuve-sur-Yonne
Villeneuve-la-Guyard,89340,Villeneuve-la-Guyard
Champagne-sur-Seine,77430,Champagne-sur-Seine
Livry-sur-Seine,77000,Livry-sur-Seine
Fontainebleau - Avon,77210,Avon
Le Mée-sur-Seine,77350,Mée-sur-Seine
Brunoy,91800,Brunoy
Montgeron - Crosne,91230,Montgeron
Villeneuve Triage,94190,Villeneuve-Saint-Georges
Villabé,91100,Villabé
Essonnes Robinson,91100,Corbeil-Essonnes
Buno - Gironville,91720,Buno-Bonnevaux
Évry-Courcouronnes T12,91000,Évry-Courcouronnes
Grigny Centre,91350,Grigny
Bidarray Pont Noblia,64780,Bidarray
Labenne,40530,Labenne
Saint-Geours-de-Maremne,40230,Saint-Geours-de-Maremne
Orthez,64300,Orthez
Arengosse,40110,Arengosse
Lourdes,65100,Lourdes
Mont-de-Marsan,40000,Mont-de-Marsan
Tarbes,65000,Tarbes
Neussargues,15170,Neussargues en Pinatelle
Pers,15290,Rouget-Pers
Lacapelle-Viescamp,15150,Lacapelle-Viescamp
Laroquebrou,15150,Laroquebrou
Ytrac,15130,Ytrac
La Ville Gozet,03100,Montluçon
Saint-Bonnet-de-Rochefort,03800,Saint-Bonnet-de-Rochefort
Golfech,82400,Golfech
Baraqueville Carcenac Peyralès,12160,Baraqueville
Carmaux,81400,Carmaux
Labruguière,81290,Labruguière
Lavaur,81500,Lavaur
Montastruc-la-Conseillère,31380,Montastruc-la-Conseillère
Tessonnières,81600,Gaillac
Limoux,11300,Limoux
Couffoulens - Leuc,11250,Couffoulens
Cordes - Vindrac,81170,Vindrac-Alayrac
Najac,12270,Najac
Rodez,12000,Rodez
Saint-Christophe-Vallon,12330,Saint-Christophe-Vallon
Colomiers Lycée International,31770,Colomiers
Moissac,82200,Moissac
Valence d'Agen,82400,Valence
Montrabé,31850,Montrabé
Pibrac,31820,Pibrac
L'Isle-Jourdain,32600,Isle-Jourdain
Auch,32000,Auch
Castelnau-d'Estrétefonds,31620,Castelnau-d'Estrétefonds
Foix,09000,Foix
Les Cabannes,09310,Cabannes
Luzenac - Garanou,09250,Luzenac
Cintegabelle,31550,Cintegabelle
Montréjeau - Gourdan-Polignan,31210,Gourdan-Polignan
Cazères,31220,Cazères
Muret,31600,Muret
Limoux Flassian,11300,Limoux
Montaigut-le-Blanc,23320,Montaigut-le-Blanc
Belvès,24170,Pays de Belvès
Le Buisson-de-Cadouin,24480,Buisson-de-Cadouin
La Bachellerie,24210,Bachellerie
Thenon,24210,Thenon
Périgueux Saint-Georges,24019,Périgueux
Douzillac,24190,Douzillac
Neuvic,24190,Neuvic
Razac-sur-l'Isle,24430,Razac-sur-l'Isle
Marsac-sur-l'Isle,24430,Marsac-sur-l'Isle
Négrondes,24460,Négrondes
Thiviers,24800,Thiviers
Tulle,19000,Tulle
Aubazines - Saint-Hilaire,19190,Saint-Hilaire-Peyroux
Ussel,19200,Ussel
Saint-Yrieix-la-Perche,87500,Saint-Yrieix-la-Perche
Lafarge,87260,Saint-Hilaire-les-Places
Nexon,87800,Nexon
Saint-Brice-sur-Vienne,87200,Saint-Brice-sur-Vienne
Saint-Victurnien,87420,Saint-Victurnien
La Souterraine,23300,Souterraine
Pérols-sur-Vézère,19170,Pérols-sur-Vézère
Lacelle,19170,Lacelle
Saint-Denis-des-Murs,87400,Saint-Denis-des-Murs
Limoges Montjovis,87100,Limoges
Aiguillon,47190,Aiguillon
Agen,47000,Agen
Trémolat,24510,Trémolat
Lamonzie-Saint-Martin,24680,Lamonzie-Saint-Martin
Sainte-Foy-la-Grande,33220,Sainte-Foy-la-Grande
Castillon-la-Bataille,33350,Castillon-la-Bataille
Saint-Émilion,33330,Saint-Émilion
Ruffec,16700,Ruffec
Angoulême,16022,Angoulême
La Réole,33190,Réole
Cérons,33720,Cérons
Beautiran,33640,Beautiran
Saint-Médard-d'Eyrans,33650,Saint-Médard-d'Eyrans
Arcachon,33120,Arcachon
Bassens,33530,Bassens
Pessac Alouette,33600,Pessac
Le Verdon-sur-Mer,33123,Verdon-sur-Mer
Soulac-sur-Mer,33780,Soulac-sur-Mer
Pauillac,33250,Pauillac
Moulis - Listrac,33480,Moulis-en-Médoc
Macau,33460,Macau
Mennetou-sur-Cher,41320,Mennetou-sur-Cher
Nérondes,18350,Nérondes
Urçay,18200,Perche
Bigny,18190,Vallenay
Varennes-sur-Fouzon,36210,Val-Fouzon
Chabris,36210,Chabris
Lathus-Saint-Rémy,86390,Lathus-Saint-Rémy
Chasseneuil-du-Poitou,86360,Chasseneuil-du-Poitou
Port-de-Piles,37160,Celle-Saint-Avant
Poitiers,86000,Poitiers
Monnaie,37380,Monnaie
Saint-Amand-Longpré,41310,Saint-Amand-Longpré
Azay-sur-Cher,37270,Azay-sur-Cher
Limeray,37530,Limeray
Chouzy-sur-Cisse,41150,Valloire-sur-Cisse
Beaugency,45190,Beaugency
Savonnières,37510,Savonnières
Saint-Patrice,37130,Coteaux-sur-Loire
Chinon,37500,Chinon
Druye,37190,Druye
Cormery,37320,Cormery
Montbazon,37250,Montbazon
Saint-Pierre-des-Corps,37700,Saint-Pierre-des-Corps
Vendôme - Villiers-sur-Loir TGV,41100,Vendôme
Lentilly Charpenay,69210,Lentilly
Chemin d'Antony,92160,Antony
Dourdan,91410,Dourdan
Breuillet Village,91650,Breuillet
Breuillet - Bruyères-le-Châtel,91650,Breuillet
La Norville - Saint-Germain-lès-Arpajon,91290,Norville
Choisy-le-Roi,94600,Choisy-le-Roi
Savigny-sur-Orge,91600,Savigny-sur-Orge
Marolles-en-Hurepoix,91630,Marolles-en-Hurepoix
Étréchy,91580,Étréchy
Monnerville,91930,Monnerville
Avenue du Président Kennedy Maison de Radio France,75016,Paris
Salbris,41300,Salbris
La Ferté-Saint-Aubin,45240,Ferté-Saint-Aubin
Boisseaux,45480,Boisseaux
Toury,28310,Toury
Château-Gaillard,28210,Santilly
Chevilly,45520,Chevilly
Les Aubrais,45400,Fleury-les-Aubrais
Dourdan La Forêt,91410,Dourdan
Jarnac,16200,Mainxe-Gondeville
Sainte-Eulalie - Carbon-Blanc,33560,Sainte-Eulalie
Saint-Savinien,17350,Saint-Savinien
Bords,17430,Bords
Cerizay,79140,Cerizay
L'Herbergement - Les Brouzils,85260,Herbergement
Prin-Deyrançon,79210,Prin-Deyrançon
Tonnay-Charente,17430,Tonnay-Charente
Chalonnes-sur-Loire,49290,Chalonnes-sur-Loire
Écouflant,49000,Écouflant
Le Pouliguen,44510,Pouliguen
Pornichet,44380,Pornichet
La Croix de Méan,44600,Saint-Nazaire
Issé,44520,Issé
La Chapelle-sur-Erdre,44240,Chapelle-sur-Erdre
Cugand,85610,Cugand
Gorges,44190,Gorges
Challans,85300,Challans
Pornic,44210,Pornic
Saint-Hilaire-de-Chaléons,44680,Saint-Hilaire-de-Chaléons
Bouaye,44830,Bouaye
Oudon,44521,Oudon
Le Cellier,44850,Cellier
Thouaré-sur-Loire,44470,Thouaré-sur-Loire
Évron,53600,Évron
Montsûrs,53150,Montsûrs
Plerguer,35540,Plerguer
Penthièvre,56170,Saint-Pierre-Quiberon
Brandérion,56700,Brandérion
Landaul - Mendon,56690,Landaul
La Roche-Maurice,29800,Roche-Maurice
Landerneau,29800,Landerneau
Kerhuon,29480,Relecq-Kerhuon
Brest,29211,Brest
Brélidy - Plouëc,22140,Plouëc-du-Trieux
Callac,22160,Callac
Plouaret Trégor,22420,Plouaret
Châtelaudren - Plouagat,22170,Châtelaudren-Plouagat
Broons,22250,Broons
Quédillac,35290,Quédillac
Chevaigné,35250,Chevaigné
Retiers,35240,Retiers
Janzé,35150,Janzé
Corps-Nuds,35150,Corps-Nuds
Saint-Armel,35230,Saint-Armel
Beslé,44290,Guémené-Penfao
La Brohinière,35360,Montauban-de-Bretagne
Avranches,50300,Avranches
Briouze,61220,Briouze
Granville,50400,Granville
Folligny,50320,Folligny
Pont-Hébert,50880,Pont-Hébert
Saint-Cyprien Arènes,31300,Toulouse
Blonville-sur-Mer - Benerville,14910,Blonville-sur-Mer
Trouville - Deauville,14200,Deauville
Lisieux,14100,Lisieux
Couliboeuf,14620,Morteaux-Coulibœuf
Saint-Pierre-sur-Dives,14170,Saint-Pierre-en-Auge
Bayeux,14400,Bayeux
Vitrolles Aéroport Marseille Provence,13127,Vitrolles
Rougemont Chanteloup,93270,Sevran
Val-de-Reuil,27100,Val-de-Reuil
Gaillon - Aubevoye,27600,Val d'Hazey
Virville - Manneville,76110,Virville
Serqueux,76440,Serqueux
Morgny-la-Pommeraye,76750,Morgny-la-Pommeraye
Barentin,76360,Barentin
Sotteville-lès-Rouen,76300,Sotteville-lès-Rouen
Elbeuf - Saint-Aubin,76410,Saint-Aubin-lès-Elbeuf
Magneux - Courlandon,51170,Magneux
Voivres-lès-le-Mans,72210,Voivres-lès-le-Mans
Le Theil - La Rouge,61260,Val-au-Perche
Domfront-en-Champagne,72240,Domfront-en-Champagne
Arrou,28290,Commune nouvelle d'Arrou
Brou,28160,Brou
La Villette Saint-Prest,28300,Saint-Prest
Épernon,28230,Épernon
Chartres,28000,Chartres
Noisy-le-Roi T13,78590,Noisy-le-Roi
Trappes,78190,Trappes
Longjumeau,91160,Longjumeau
Dreux,28100,Dreux
Garancières - La Queue,78890,Garancières
Villepreux - Les Clayes,78340,Clayes-sous-Bois
Pont du Garigliano - Hôpital Européen Georges Pompidou,75015,Paris
Saint-Cyr-l'École,78210,Saint-Cyr-l'École
Meudon,92190,Meudon
Paris Montparnasse Hall 1 & 2,75015,Paris
Paris Montparnasse Vaugirard,75015,Paris
Beaumont-le-Roger,27170,Beaumont-le-Roger
Houilles - Carrières-sur-Seine,78800,Houilles
Nanterre Université,92000,Nanterre
Les Vallées,92250,Bois-Colombes
La Garenne-Colombes,92250,Garenne-Colombes
Mareil-Marly T13,78750,Mareil-Marly
Cergy le Haut,95800,Cergy
Saint-Nom-la-Bretèche Forêt de Marly T13,78620,Étang-la-Ville
Marly-le-Roi,78160,Marly-le-Roi
Bougival,78170,Celle-Saint-Cloud
La Celle-Saint-Cloud,78170,Celle-Saint-Cloud
Saint-Cloud,92210,Saint-Cloud
Courbevoie,92400,Courbevoie
La Frette - Montigny,95530,Frette-sur-Seine
Vaux-sur-Seine,78740,Vaux-sur-Seine
Issou - Porcheville,78440,Issou
Andrésy,78570,Andrésy
Us,95450,Us
Montgeroult - Courcelles,95650,Montgeroult
Pont Cardinet,75017,Paris
Avenue Foch,75016,Paris
Péreire - Levallois,75017,Paris
Saint-Germain-en-Laye Bel-Air - Fourqueux,78100,Saint-Germain-en-Laye
Saint-Germain-en-Laye Bel-Air - Fourqueux T13,78100,Saint-Germain-en-Laye
Saint-Sébastien Frêne Rond,44230,Saint-Sébastien-sur-Loire
Saint-Martin du Touch,31000,Toulouse
Les Ramassiers,31000,Colomiers
Champagnole Paul-Émile Victor,39300,Champagnole
Brunémont,59151,Brunémont
Cantin,59169,Cantin
Loison-sous-Lens,62218,Loison-sous-Lens
Bailleul-Sir-Berthoult,62580,Bailleul-Sir-Berthoult
Avion,62210,Avion
Beuvry lès Béthune,62660,Beuvry
Isbergues,62330,Isbergues
Savy-Berlette,62690,Savy-Berlette
Chocques,62920,Chocques
Maroeuil,62161,Marœuil
Mazingarbe,62670,Mazingarbe
Achiet-le-Grand,62121,Achiet-le-Grand
Arras,62000,Arras
Hoenheim Tram,67800,Hœnheim
Saint-Ouen-l'Aumône Liesse,95310,Saint-Ouen-l'Aumône
La Poterie,35500,Rennes
Cesson-Sévigné,35510,Cesson-Sévigné
Thésée,41140,Thésée
Les Cauquillous,81500,Lavaur
Avignon TGV,84000,Avignon
Noyelles-sur-Mer,80133,Noyelles-sur-Mer
Calais,62100,Calais
Dannes - Camiers,62187,Camiers
Étaples - Le Touquet,62630,Étaples
Rang-du-Fliers - Verton - Berck,62180,Rang-du-Fliers
Boulogne Tintelleries,62200,Boulogne-sur-Mer
Pihen-lès-Guînes,62340,Pihen-lès-Guînes
Aubin-Saint-Vaast,62140,Aubin-Saint-Vaast
Dommartin - Remiencourt,80440,Dommartin
Amiens,80017,Amiens
Formerie,60220,Formerie
Blangy-sur-Bresle,76340,Blangy-sur-Bresle
Feuquières - Broquiers,60960,Feuquières
Saint-Omer-en-Chaussée,60860,Saint-Omer-en-Chaussée
Herchies,60112,Herchies
Saint-Sulpice - Auteuil,60430,Saint-Sulpice
Villers-Saint-Sépulcre,60134,Villers-Saint-Sépulcre
Mouy - Bury,60250,Mouy
Chaulnes,80320,Chaulnes
Poix-de-Picardie,80290,Poix-de-Picardie
Moreuil,80110,Moreuil
Ailly-sur-Noye,80250,Ailly-sur-Noye
Boves,80440,Boves
Picquigny,80310,Picquigny
Ailly-sur-Somme,80470,Ailly-sur-Somme
Albert,80300,Albert
Saint-Hilaire-sur-Helpe,59292,Saint-Hilaire-sur-Helpe
Flavy-le-Martel,02520,Flavy-le-Martel
Vervins,02140,Vervins
Le Quesnoy,59530,Quesnoy
Leval,59620,Leval
Dompierre-sur-Helpe,59440,Dompierre-sur-Helpe
Avesnes-sur-Helpe,59440,Avesnes-sur-Helpe
Landrecies,59550,Landrecies
Hautmont,59330,Hautmont
Fourmies,59610,Fourmies
Ennevelin,59710,Ennevelin
Nieppe,59850,Nieppe
Lesquin,59810,Lesquin
Croix - Wasquehal,59170,Wasquehal
Rosult,59230,Rosult
Tourcoing,59200,Tourcoing
Seclin,59113,Seclin
Phalempin,59133,Phalempin
Pérenchies,59840,Pérenchies
Saint-André-lez-Lille,59350,Saint-André-lez-Lille
Armentières,59280,Armentières
Watten - Éperlecques,62910,Éperlecques
Cassel,59670,Bavinchove
Calais - Fréthun,62185,Fréthun
Croix L'Allumette,59170,Croix
Mérignac Arlac,33000,Mérignac
Ourscamps,60138,Pimprez
Ribécourt,60170,Ribécourt-Dreslincourt
Nointel - Mours,95590,Nointel
Le Meux - La Croix-Saint-Ouen,60880,Meux
Mériel,95630,Mériel
Méry-sur-Oise,95540,Méry-sur-Oise
Bessancourt,95550,Bessancourt
Saint-Leu-la-Forêt,95320,Saint-Leu-la-Forêt
Auvers-sur-Oise,95430,Auvers-sur-Oise
Saint-Leu-d'Esserent,60340,Saint-Leu-d'Esserent
Goussainville,95190,Goussainville
Chantilly - Gouvieux,60500,Chantilly
Montigny - Beauchamp,95250,Beauchamp
Compans,77290,Compans
Seugy,95270,Seugy
Longpont,02600,Longpont
Villers-Cotterêts,02600,Villers-Cotterêts
Parc des Expositions,93420,Villepinte
Aéroport Charles de Gaulle 1,93290,Tremblay-en-France
Vert Galant,93420,Villepinte
La Barre Ormesson,95170,Deuil-la-Barre
Épinay-sur-Seine T11,93800,Épinay-sur-Seine
Épinay - Villetaneuse,93800,Épinay-sur-Seine
Épinay - Villetaneuse T11,93800,Épinay-sur-Seine
Paris Gare du Nord,75010,Paris
Sarrebourg,57400,Sarrebourg
Dachstein,67120,Dachstein
Rosheim,67560,Rosheim
Scherwiller,67750,Scherwiller
Sélestat,67600,Sélestat
Marienthal,67500,Haguenau
Riedseltz,67120,Riedseltz
Mertzwiller,67580,Mertzwiller
Munchhausen,67470,Munchhausen
Roeschwoog,67480,Rœschwoog
Sarralbe,57430,Sarralbe
Rémelfing,57200,Rémelfing
Farschviller,57450,Farschviller
Farébersviller,57450,Farébersviller
Saint-Avold,57500,Saint-Avold
Vandières,54121,Vandières
Ancy-sur-Moselle,57130,Ancy-Dornot
Morhange,57340,Morhange
Gandrange - Amnéville,57175,Amnéville
Auboué,54580,Auboué
Hayange,57700,Hayange
Hettange-Grande,57330,Hettange-Grande
Clerval,25340,Pays-de-Clerval
L'Isle-sur-le-Doubs,25250,Isle-sur-le-Doubs
Montreux-Vieux,68210,Montreux-Vieux
Muhlbach-sur-Munster,68380,Muhlbach-sur-Munster
Wesserling,68470,Fellering
Saint-Amarin,68550,Saint-Amarin
Willer-sur-Thur,68760,Willer-sur-Thur
Wihr-au-Val - Soultzbach,68230,Wihr-au-Val
Saint-Louis,68300,Saint-Louis
Colmar,68000,Colmar
Vieux-Thann Zone Industrielle,68800,Vieux-Thann
Walheim,68130,Walheim
Saint-Louis La Chaussée,68300,Saint-Louis
Les Islettes,55120,Islettes
Rethel,08300,Rethel
Vrigne-Meuse,08350,Vrigne-Meuse
Vireux-Molhain,08320,Vireux-Molhain
Courcy - Brimont,51220,Courcy
Val-de-Vesle,51360,Val-de-Vesle
Germaine,51160,Germaine
Jonchery-sur-Vesle,51140,Jonchery-sur-Vesle
Saint-Nabord,88200,Saint-Nabord
Éloyes,88510,Éloyes
Provenchères-sur-Fave,88490,Provenchères-et-Colroy
Thaon,88150,Capavenir Vosges
Châtel - Nomexy,88330,Nomexy
Saint-Dié-des-Vosges,88100,Saint-Dié-des-Vosges
Donjeux,52300,Donjeux
Pont-à-Mousson,54700,Pont-à-Mousson
Baccarat,54120,Baccarat
Chenevières,54122,Chenevières
Neufchâteau,88300,Neufchâteau
Lunéville,54300,Lunéville
Champigneulles,54250,Champigneulles
Liverdun,54460,Liverdun
Fontenoy-sur-Moselle,54840,Fontenoy-sur-Moselle
Nancy,54000,Nancy
Mareuil-sur-Ourcq,60890,Mareuil-sur-Ourcq
Lizy-sur-Ourcq,77440,Lizy-sur-Ourcq
Nogent-l'Artaud - Charly,02310,Nogent-l'Artaud
Nanteuil - Saâcy,77730,Saâcy-sur-Marne
Esbly,77450,Esbly
Vaires - Torcy,77360,Vaires-sur-Marne
Chelles - Gournay,77500,Chelles
Verneuil-l'Étang,77390,Verneuil-l'Étang
Freinville Sevran,93270,Sevran
L'Abbaye,93190,Livry-Gargan
Les Coquetiers,93250,Villemomble
Villiers-sur-Marne - Le Plessis-Trévise,94350,Villiers-sur-Marne
La Jarrie,17220,Jarrie
Delle,90100,Delle
Grandvillars,90600,Grandvillars
Sarrance,64490,Sarrance
Stains la Cerisaie,93240,Stains
Le Mans hôpital-université,72000,
Nîmes Pont du Gard,30129,Manduel
Pont-Saint-Esprit,30130,Pont-Saint-Esprit
Sainte-Léocadie,66800,Sainte-Léocadie
Font-Romeu-Odeillo-Via,66120,Font-Romeu-Odeillo-Via
Planès,66210,Planès
Nyer,66360,Nyer
Olette - Canaveilles,66360,Olette
Villefranche - Vernet-les-Bains,66820,Villefranche-de-Conflent
Millas,66170,Millas
Bagnols - Chadenet,48190,Allenc
Chanac,48230,Chanac
Campagnac - Saint-Geniez,12560,Campagnac
Marvejols,48100,Marvejols
Aigues-Mortes,30220,Aigues-Mortes
Aimargues,30470,Aimargues
Beauvoisin,30640,Beauvoisin
Générac,30510,Générac
Boucoiran-et-Nozières,30190,Boucoiran-et-Nozières
Alès,30100,Alès
Génolhac,30450,Génolhac
Chasseradès,48250,Mont Lozère et Goulet
Vergèze - Codognan,30310,Vergèze
Saint-Césaire,30900,Nîmes
Nîmes,30000,Nîmes
Baillargues,34670,Baillargues
Cavaillon,84300,Cavaillon
Le Thor,84250,Thor
Tarascon,13150,Tarascon
Sorgues - Châteauneuf-du-Pape,84700,Sorgues
Orange,84100,Orange
Donzère,26290,Donzère
L'Argentière Les Écrins,05120,Argentière-la-Bessée
Aspres-sur-Buëch,05140,Aspres-sur-Buëch
Valence TGV Rhône-Alpes Sud,26958,Alixan
Crest,26400,Crest
Vinay,38470,Vinay
Saint-Marcellin,38160,Saint-Marcellin
Biot,06600,Biot
Golfe Juan Vallauris,06220,Vallauris
Théoule-sur-Mer,06590,Théoule-sur-Mer
Menton Garavan,06500,Menton
Roquebrune-Cap-Martin,06190,Roquebrune-Cap-Martin
Èze,06360,Èze
Saint-Laurent-du-Var,06700,Saint-Laurent-du-Var
Hyères,83400,Hyères
Gonfaron,83590,Gonfaron
Pignans,83790,Pignans
Puget-Ville,83390,Puget-sur-Argens
Cuers - Pierrefeu,83390,Cuers
La Seyne - Six-Fours,83500,Seyne-sur-Mer
Carry-le-Rouet,13620,Carry-le-Rouet
Fos-sur-Mer,13270,Fos-sur-Mer
Rognac,13340,Rognac
Cassis,13260,Cassis
La Penne-sur-Huveaune,13821,Penne-sur-Huveaune
Séon Saint-Henri,13016,Marseille
Simiane,13109,Simiane-Collongue
Aix-en-Provence,13100,Aix-en-Provence
Meyrargues,13650,Meyrargues
Marseille Blancarde,13004,Marseille
Marseille Saint-Charles,13232,Marseille
Moirans La Galifette,38430,Moirans
Le Pont-de-Claix,38800,Pont-de-Claix
Grenoble Universités - Gières,38610,Gières
Réaumont - Saint-Cassien,38140,Saint-Cassien
Les Bossons,74400,Chamonix-Mont-Blanc
Viaduc Sainte-Marie,74310,Houches
Bonneville,74130,Bonneville
Saint-Martin-Bellevue,74370,Fillière
Pringy,74370,Annecy
Grésy-sur-Aix,73100,Grésy-sur-Aix
Évian-les-Bains,74500,Évian-les-Bains
Thonon-les-Bains,74200,Thonon-les-Bains
Annemasse,74100,Annemasse
Valleiry,74520,Valleiry
Bellignat,01810,Bellignat
Cize - Bolozon,01250,Bolozon
Simandre-sur-Suran,01250,Simandre-sur-Suran
Bourg-en-Bresse,01000,Bourg-en-Bresse
Aime - La Plagne,73210,Aime-la-Plagne
Albertville,73200,Albertville
Virieu-le-Grand - Belley,01510,Virieu-le-Grand
Aiguebelette-le-Lac,73610,Aiguebelette-le-Lac
Saint-Avre - La Chambre,73130,Chambre
Aiguebelle,73220,
Chamousset,73390,Chamousset
Montmélian,73800,Montmélian
Viviers-du-Lac,73420,Viviers-du-Lac
Chindrieux,73310,Chindrieux
Vions - Chanaz,73310,Vions
Culoz,01350,Culoz
Retournac,43130,Retournac
Chamalières-sur-Loire,43800,Chamalières-sur-Loire
Vorey,43800,Vorey
Saint-Vincent le Château,43800,Saint-Vincent
Lavoûte-sur-Loire,43800,Lavoûte-sur-Loire
Langogne,48300,Langogne
Brassac-les-Mines - Sainte-Florine,63570,Brassac-les-Mines
Vic-le-Comte,63270,Vic-le-Comte
Les Martres-de-Veyre,63730,Martres-de-Veyre
Aigueperse,63260,Aigueperse
Clermont-Ferrand,63000,Clermont-Ferrand
Vichy,03200,Vichy
Saint-Étienne Carnot,42000,Saint-Étienne
Montrond-les-Bains,42210,Montrond-les-Bains
Saint-Jodard,42590,Saint-Jodard
Le Coteau,42120,Coteau
Pont de Lignon,43430,Beauzac
Le Chambon-Feugerolles,42500,Chambon-Feugerolles
Polliat,01310,Polliat
Pontanevaux,71570,Chapelle-de-Guinchay
Fleurville - Pont-de-Vaux,71260,Fleurville
Saint-Maurice-de-Beynost,01700,Saint-Maurice-de-Beynost
Cessieu,38110,Cessieu
Feyzin,69320,Feyzin
Dommartin - Lissieu,69380,Dommartin
Fleurieux-sur-l'Arbresle,69210,Fleurieux-sur-l'Arbresle
Le Méridien La Ferrière,69260,Tassin-la-Demi-Lune
Albigny - Neuville,69250,Albigny-sur-Saône
Lyon Vaise,69009,Lyon
Avoudrey,25690,Avoudrey
L'Hôpital-du-Grosbois,25620,Hôpital-du-Grosbois
Saône,25660,Saône
Deluz,25960,Deluz
Dannemarie - Velesmes,25410,Dannemarie-sur-Crète
Saint-Amour,39160,Saint-Amour
Byans-sur-Doubs,25320,Byans-sur-Doubs
Morez,39400,Hauts de Bienne
Chaux-des-Crotenay,39230,Chaux-des-Crotenay
Andelot-en-Montagne,39320,Andelot-en-Montagne
Pontarlier,25300,Pontarlier
Ruffey-lès-Echirey,21200,Ruffey-lès-Echirey
Pagny-le-Château,21250,Pagny-le-Château
Brazey-en-Plaine,21470,Brazey-en-Plaine
Meursault,21190,Meursault
Gevrey-Chambertin,21220,Gevrey-Chambertin
Chaugey,21170,Losne
Fourchambault,58600,Fourchambault
Nevers,58000,Nevers
Gilly-sur-Loire,71160,Gilly-sur-Loire
Paray-le-Monial,71600,Paray-le-Monial
Montigny-sur-Loing,77690,Montigny-sur-Loing
Montargis,45200,Montargis
Sermizelles - Vézelay,89200,Sermizelles
Pont-sur-Yonne,14130,Pont-sur-Yonne
Champigny sur Yonne,89340,Champigny
La Grande-Paroisse,77130,Grande-Paroisse
Vernou-la-Celle-sur-Seine,77670,Vernou-la-Celle-sur-Seine
Vulaines-sur-Seine - Samoreau,77870,Samoreau
Montereau,77130,Montereau-Fault-Yonne
Moret - Veneux-les-Sablons,77250,Moret-Loing-et-Orvanne
La Ferté-Alais,91590,Ferté-Alais
Mennecy,91540,Mennecy
Vigneux-sur-Seine,91270,Vigneux-sur-Seine
Le Vert de Maisons,94700,Maisons-Alfort
Hendaye,64700,Hendaye
Ossès - Saint-Martin-d'Arrossa,64780,Saint-Martin-d'Arrossa
Biarritz,64200,Biarritz
Ondres,40440,Ondres
Saint-Vincent-de-Tyrosse,40230,Saint-Vincent-de-Tyrosse
Saubusse,40180,Saubusse
Boucau,64340,Boucau
Oloron-Sainte-Marie,64400,Oloron-Sainte-Marie
Urt,64240,Urt
Assat,64510,Assat
Saint-Pé-de-Bigorre,65270,Saint-Pé-de-Bigorre
Capvern,65130,Capvern
Murat,15300,Murat
Vic-sur-Cère,15800,Vic-sur-Cère
Boisset,15600,Boisset
Maurs,15400,Maurs
Avignonet-Lauragais,31290,Avignonet-Lauragais
Tanus,81190,Tanus
Damiatte - Saint-Paul,81220,Damiatte
Marssac-sur-Tarn,81500,Marssac-sur-Tarn
Gragnague,31380,Gragnague
Espéraza,11260,Espéraza
Pomas,11250,Pomas
Lézignan-Corbières,11200,Lézignan-Corbières
Castelnaudary,11400,Castelnaudary
Dégagnac,46340,Dégagnac
Capdenac,12700,Capdenac-Gare
Figeac,46100,Figeac
Cahors,46000,Cahors
Baziège,31450,Baziège
Escalquens,31750,Escalquens
Montbartier,82700,Montbartier
Dieupentale,82170,Dieupentale
Saint-Jean-de-Verges,09000,Saint-Jean-de-Verges
Mérens-les-Vals,09110,Mérens-les-Vals
Latour-de-Carol - Enveitg,66760,Enveitg
La Ville-Dieu-du-Temple,82290,Ville-Dieu-du-Temple
Le Vernet d'Ariège,09700,Vernet
Créteil Pompadour,94600,Créteil
Lavaveix-les-Mines,23150,Lavaveix-les-Mines
Argenton-sur-Creuse,36200,Argenton-sur-Creuse
Neuvy-Pailloux,36100,Neuvy-Pailloux
Châteauroux,36000,Châteauroux
Sarlat-la-Canéda,24200,Sarlat-la-Canéda
Limeyrat,24210,Limeyrat
Niversac,24330,Boulazac Isle Manoire
La Cave,24200,Marsac-sur-l'Isle
Château-l'Évêque,24460,Château-l'Évêque
Bretenoux - Biars,46130,Biars-sur-Cère
Vayrac,46110,Vayrac
Objat,19130,Objat
Vigeois,19410,Vigeois
Uzerche,19140,Uzerche
Montaignac-Saint-Hippolyte,19300,Montaignac-Saint-Hippolyte
Exideuil,16150,Exideuil-sur-Vienne
La Meyze,87800,Meyze
Saint-Junien,87200,Saint-Junien
Fromental,87250,Fromental
Magnac - Vicq,87380,Vicq-sur-Breuilh
Erdre-Active,44240,Chapelle-sur-Erdre
Sauveterre-la-Lémance,47500,Sauveterre-la-Lémance
Sainte-Bazeille,47180,Sainte-Bazeille
Saint-Aigulin - La Roche-Chalais,17360,Saint-Aigulin
Les Églisottes-et-Chalaures,33230,Églisottes-et-Chalaures
Couze,24150,Lalinde
Bergerac,24100,Bergerac
Saint-Antoine-de-Breuilh,24230,Saint-Antoine-de-Breuilh
Libourne,33500,Libourne
Montmoreau,16190,Montmoreau
Ruelle-sur-Touvre,16600,Ruelle-sur-Touvre
Saint-Macaire,33490,Saint-Macaire
Cadaujac,33140,Cadaujac
Labouheyre,40210,Labouheyre
Marcheprime,33380,Marcheprime
Gazinet Cestas,33610,Cestas
Bègles,33130,Bègles
Pointe de Grave,33780,Verdon-sur-Mer
Bordeaux Saint-Jean,33800,Bordeaux
Selles-sur-Cher,41130,Selles-sur-Cher
Avord,18520,Avord
Saint-Amand-Montrond - Orval,18200,Orval
Pruniers-en-Sologne,41200,Pruniers-en-Sologne
Villeherviers,41200,Villeherviers
La Ferté-Imbault,41300,Ferté-Imbault
Romorantin Blanc Argent,41200,Romorantin-Lanthenay
Ingrandes sur Vienne,86220,Ingrandes
Villeperdue,37260,Villeperdue
Monts,37260,Monts
Château-Renault,37110,Château-Renault
Vendôme,41100,Vendôme
Noizay,37210,Noizay
Onzain - Chaumont-sur-Loire,41150,Veuzain-sur-Loire
La Chaussée-Saint-Victor,41260,Chaussée-Saint-Victor
Mer,41500,Mer
Chaingy Fourneaux Plage,45380,Chaingy
Blois - Chambord,41000,Blois
La Chapelle-sur-Loire,37140,Chapelle-sur-Loire
Ballan-Miré,37510,Ballan-Miré
Chambourg-sur-Indre,37310,Chambourg-sur-Indre
Esvres sur Indre,37320,Esvres
Saint-Michel Notre-Dame,75005,Paris
Paris Austerlitz RER,75013,Paris
Rungis La Fraternelle,94150,Rungis
Orly Ville,94310,Orly
Voves,28150,Villages Vovéens
Auneau,28700,Auneau-Bleury-Saint-Symphorien
Égly,91520,Égly
Arpajon,91290,Arpajon
Sainte-Geneviève-des-Bois,91700,Sainte-Geneviève-des-Bois
Saint-Michel-sur-Orge,91240,Saint-Michel-sur-Orge
Guillerval,91690,Guillerval
Saint-Cyr-en-Val La Source,45590,Saint-Cyr-en-Val
Saujon,17600,Saujon
Royan,17200,Royan
Châteauneuf-sur-Charente,16120,Châteauneuf-sur-Charente
Cognac,16100,Cognac
Villeneuve-la-Comtesse,17330,Villeneuve-la-Comtesse
Montendre,17130,Montendre
Saintes,17100,Saintes
Saint-Mathurin-sur-Loire,49250,Loire-Authion
La Ménitré,49250,Ménitré
Les Rosiers-sur-Loire,49350,Gennes-Val-de-Loire
Bressuire,79300,Bressuire
Olonne-sur-Mer,85340,
Fougeré,85480,Fougeré
La Roche-sur-Yon,85000,Roche-sur-Yon
Rouillé,86480,Rouillé
Pamproux,79800,Pamproux
Saint-Maixent-L'École,79400,Saint-Maixent-l'École
Fors,79230,Fors
Rochefort,17300,Rochefort
Saint-Laurent-de-la-Prée - Fouras,17450,Saint-Laurent-de-la-Prée
Angoulins sur Mer,17690,Angoulins
La Possonnière,49170,Possonnière
Savennières - Béhuard,49170,Savennières
Savenay,44260,Savenay
Cordemais,44360,Cordemais
La Baule-Escoublac,44500,Baule-Escoublac
Vertou,44120,Vertou
Sainte-Pazanne,44680,Sainte-Pazanne
Port-Saint-Père - Saint-Mars,44710,Port-Saint-Père
Boussay - La Bruffière,44190,Boussay
La Basse Indre - Saint-Herblain,44610,Saint-Herblain
Port-Brillet,53410,Port-Brillet
Pleudihen-sur-Rance,22690,Pleudihen-sur-Rance
Dol-de-Bretagne,35120,Dol-de-Bretagne
Combourg,35270,Combourg
Drefféac,44530,Drefféac
Sainte-Anne,56400,Pluneret
Quiberon,56170,Quiberon
Kerhostin,56170,Saint-Pierre-Quiberon
Les Sables Blancs,56340,Plouharnel
Hennebont,56700,Hennebont
Lorient Bretagne Sud,56100,Lorient
Roscoff,29680,Roscoff
Morlaix,29600,Morlaix
Saint-Thégonnec,29410,Saint-Thégonnec Loc-Eguiner
La Forest-Landerneau,29800,Forest-Landerneau
Rosporden,29140,Rosporden
Frynaudour,22860,Plourivo
Pontrieux Halte,22260,Pontrieux
Pont-Melvez,22390,Pont-Melvez
Caulnes,22350,Caulnes
Servon-sur-Vilaine,35530,Servon-sur-Vilaine
Pléchâtel,35470,Pléchâtel
Saint-Senoux - Pléchâtel,35580,Saint-Senoux
Saint-Jacques-de-la-Lande,35136,Saint-Jacques-de-la-Lande
Vire,14500,Vire Normandie
Flers,61100,Flers
Valognes,50700,Valognes
Coutances,50200,Coutances
Saint-Lô,50000,Saint-Lô
Alençon,61000,Alençon
Dives-sur-Mer - Cabourg,14390,Dives-sur-Mer
Villers-sur-Mer,14640,Villers-sur-Mer
Pont-l'Évêque,14130,Pont-l'Évêque
Le Molay-Littry,14330,Molay-Littry
Pont-de-l'Arche,27340,Pont-de-l'Arche
Brionne,27800,Brionne
Saint-Victor-l'Abbaye,76890,Saint-Victor-l'Abbaye
Auffay,76720,Val-de-Scie
Longueville-sur-Scie,76590,Longueville-sur-Scie
Montivilliers,76290,Montivilliers
Jacques Monod la Demi-Lieue,76290,Harfleur
Bolbec - Nointot,76210,Bolbec
Montville,76710,Montville
Sommery,76440,Sommery
Motteville,76970,Motteville
Pavilly,76570,Pavilly
Tourville-la-Rivière,76410,Tourville-la-Rivière
Aubigné-Racan,72800,Aubigné-Racan
Noyen-sur-Sarthe,72430,Noyen-sur-Sarthe
Champagné,72470,Champagné
Sillé-le-Guillaume,72140,Sillé-le-Guillaume
Conlie,72240,Conlie
Vivoin - Beaumont,72170,Vivoin
Montbizot,72380,Montbizot
La Taye,28110,Saint-Georges-sur-Eure
Montfort-l'Amaury - Méré,78490,Méré
Noisy-le-Roi,78590,Noisy-le-Roi
Gravigny Balizy,91160,Longjumeau
Plaisir - Les Clayes,78370,Plaisir
Nonancourt,27320,Nonancourt
Jouy-en-Josas,78350,Jouy-en-Josas
Marchezais - Broué,28410,Broué
Houdan,78550,Houdan
Plaisir - Grignon,78370,Plaisir
Gazeran,78125,Gazeran
Rambouillet,78120,Rambouillet
Saint-Cyr-l'École T13,78210,Saint-Cyr-l'École
Chaville Rive Gauche,92370,Chaville
Chaville - Vélizy,92370,Viroflay
Bellevue,92360,Meudon
Meudon Val Fleury,92190,Meudon
Pont de l'Alma,75007,Paris
Invalides,75007,Paris
Clamart,92140,Clamart
Aubergenville Élisabethville,78410,Aubergenville
Les Mureaux,78130,Mureaux
Les Clairières de Verneuil,78480,Verneuil-sur-Seine
Munster Badischhof,68140,Munster
Massy - Verrières,91300,Massy
Cergy Saint-Christophe,95800,Cergy
Suresnes Mont Valérien,92150,Suresnes
Le Val d'Or,92210,Saint-Cloud
Sèvres - Ville-d'Avray,92310,Sèvres
Chaville Rive Droite,92370,Chaville
Garches - Marnes-la-Coquette,92380,Garches
La Défense,92800,Puteaux
La Défense Grande Arche RER E,92800,Puteaux
Mareil-sur-Mauldre,78124,Mareil-sur-Mauldre
Mantes-la-Ville,78200,Mantes-la-Jolie
Maurecourt,78570,Andrésy
Chanteloup-les-Vignes,78570,Chanteloup-les-Vignes
Gournay - Ferrières,76220,Ferrières-en-Bray
Asnières-sur-Seine,92600,Asnières-sur-Seine
Bois-Colombes,92270,Bois-Colombes
Avenue Henri Martin,75016,Paris
Neuilly - Porte Maillot,75017,Paris
Caudry,59540,Caudry
Aubigny-au-Bac,59265,Aubigny-au-Bac
Arleux,59151,Arleux
Iwuy,59141,Iwuy
Somain,59490,Somain
Bauvin - Provin,59221,Bauvin
Meurchin,62410,Meurchin
Pont-à-Vendin,62880,Pont-à-Vendin
Leforest,62790,Leforest
Pont de la Deûle,59128,Flers-en-Escrebieux
Hénin-Beaumont,62110,Hénin-Beaumont
Coron de Méricourt,62680,Méricourt
Brebières,62117,Brebières
Denain,59220,Denain
Prouvy - Thiant,59121,Prouvy
Raismes,59590,Raismes
Le Poirier Université,59125,Trith-Saint-Léger
Pernes - Camblain,62550,Camblain-Châtelain
Marquillies,59274,Marquillies
Tincques,62127,Tincques
Aubigny-en-Artois,62690,Aubigny-en-Artois
Lillers,62190,Lillers
Vitry-en-Artois,62490,Vitry-en-Artois
Courcelles-le-Comte,62121,Courcelles-le-Comte
Miraumont,80300,Miraumont
Béthune,62400,Béthune
Krimmeri Meinau,67100,Strasbourg
Hirson Écoles,02500,Hirson
Aix-en-Provence TGV,13592,Aix-en-Provence
Rue,80120,Rue
Hesdigneul-lès-Boulogne,62196,Hesdigneul-lès-Boulogne
Montreuil-sur-Thérain,60134,Montreuil-sur-Thérain
Aumale,76390,Aumale
Abancourt,60220,Abancourt
Marseille-en-Beauvaisis,60860,Marseille-en-Beauvaisis
Milly-sur-Thérain,60112,Milly-sur-Thérain
Laboissière - Le Déluge,60570,Laboissière-en-Thelle
Rochy-Condé,60510,Rochy-Condé
Estrées-Saint-Denis,60190,Estrées-Saint-Denis
Avrechy,60130,Avrechy
Pont-Remy,80580,Pont-Remy
Corbie,80800,Corbie
Longueau,80330,Longueau
Barenton-Bugny,02000,Barenton-Bugny
La Bouteille,02140,Bouteille
La Fère,02800,Fère
Clacy - Mons,02000,Clacy-et-Thierret
Berlaimont,59145,Berlaimont
Sains-du-Nord,59177,Sains-du-Nord
Aulnoye-Aymeries,59620,Aulnoye-Aymeries
Hirson,02500,Hirson
Ruminghem,62370,Ruminghem
Baisieux,59780,Baisieux
Pont de Bois,59650,Villeneuve-d'Ascq
Templeuve,59242,Templeuve-en-Pévèle
Nomain,59310,Nomain
Hazebrouck,59190,Hazebrouck
Loos lez Lille,59120,Loos
Haubourdin,59320,Haubourdin
Lille Flandres,59000,Lille
Renescure,59173,Renescure
Saint-Omer,62500,Saint-Omer
Bourbourg,59630,Bourbourg
Bergues,59380,Bergues
Dunkerque,59140,Dunkerque
Bornel - Belle-Église,60540,Bornel
Compiègne,60200,Compiègne
Luzarches,95270,Luzarches
Belloy - Saint-Martin,95270,Belloy-en-France
Champagne-sur-Oise,95660,Champagne-sur-Oise
Presles Courcelles,95590,Presles
Bruyères-sur-Oise,95820,Bruyères-sur-Oise
Domont,95330,Domont
Deuil - Montmagny,95170,Deuil-la-Barre
Chevrières,60710,Chevrières
Orry-la-Ville - Coye,60560,Orry-la-Ville
Survilliers - Fosses,95470,Fosses
Louvres,95380,Louvres
Les Noues,95190,Goussainville
Villiers-le-Bel - Gonesse - Arnouville,95400,Arnouville
Liancourt - Rantigny,60140,Rantigny
Saint-Gratien,95210,Saint-Gratien
Épluches,95310,Saint-Ouen-l'Aumône
Pontoise,95300,Pontoise
Cernay (Val-d'Oise),95120,Ermont
Ermont - Eaubonne Ligne J,95120,Ermont
Creil,60100,Creil
Longueil-Annel,60150,Longueil-Annel
Villaines-sous-Bois,95570,Villaines-sous-Bois
Vaumoise,02600,Coyolles
Crépy-en-Valois,60800,Crépy-en-Valois
Ormoy-Villers,60800,Ormoy-Villers
Villeparisis - Mitry-le-Neuf,77270,Mitry-Mory
Aéroport Charles de Gaulle 2 TGV,95716,Roissy-en-France
Aéroport Charles de Gaulle 2 TGV (RER),93290,Roissy-en-France
Le Blanc-Mesnil,93150,Blanc-Mesnil
Drancy,93700,Drancy
La Courneuve - Aubervilliers,93120,Courneuve
Pierrefitte - Stains,93380,Pierrefitte-sur-Seine
Épinay-sur-Seine,93800,Épinay-sur-Seine
Diemeringen,67430,Diemeringen
Berthelming,57930,Berthelming
Saales,67420,Saales
Mullerhof,67280,Urmatt
Heiligenberg - Mollkirch,67190,Mollkirch
Mutzig,67190,Mutzig
Bischoffsheim,67830,Bischoffsheim
Gertwiller,67140,Gertwiller
Eichhoffen,67140,Eichhoffen
Matzenheim,67150,Matzenheim
Kogenheim,67230,Kogenheim
Ingwiller,67340,Ingwiller
Obermodern-Zutzendorf,67330,Obermodern-Zutzendorf
Kilstett,67840,Kilstett
Bischheim,67800,Bischheim
Limersheim,67150,Limersheim
Geispolsheim,67118,Geispolsheim
Strasbourg Roethig,67200,Strasbourg
Schwindratzheim,67270,Schwindratzheim
Strasbourg,67000,Strasbourg
Casino Lacroix Laval,69260,Tour-de-Salvagny
Wittring,57137,Wittring
Faulquemont,57380,Faulquemont
Teting-sur-Nied,57114,Teting-sur-Nied
Forbach,57600,Forbach
Pagny-sur-Moselle,54530,Pagny-sur-Moselle
Onville,54890,Onville
Ars-sur-Moselle,57130,Ars-sur-Moselle
Malling,57480,Malling
Uckange,57270,Uckange
Luxeuil-les-Bains,70300,Luxeuil-les-Bains
Vesoul,70000,Vesoul
Belfort,90000,Belfort
Bantzenheim,68490,Bantzenheim
Ranspach,68470,Ranspach
Gunsbach - Griesbach,68140,Griesbach-au-Val
Illfurth,68720,Illfurth
Mulhouse Dornach Tram Train,68200,Mulhouse
Saint-Gilles Lycée Haut-Rhin,68920,Wintzenheim
Flaxlanden,68720,Flaxlanden
Joinville,52300,Joinville
Revigny-sur-Ornain,55800,Revigny-sur-Ornain
Fépin,08170,Fépin
Donchery,08350,Donchery
Nouvion-sur-Meuse,08160,Nouvion-sur-Meuse
Aubrives,08320,Aubrives
Nouzonville,08700,Nouzonville
Coucy-lès-Eppes,02840,Coucy-lès-Eppes
Loivre,51220,Loivre
Aguilcourt - Variscourt,02190,Variscourt
Bazancourt,51110,Bazancourt
Breuil - Romain,51140,Breuil-sur-Vesle
Reims,51100,Reims
Vittel,88800,Vittel
Bruyères,88600,Bruyères
Bains-les-Bains,88240,Vôge-les-Bains
Xertigny,88220,Xertigny
Chaumont,52000,Chaumont
Pompey,54340,Pompey
Messein,54850,Messein
Bertrichamps,54120,Bertrichamps
Mont-sur-Meurthe,54360,Mont-sur-Meurthe
Foug,54570,Foug
Villiers Montbarbin,77580,Crécy-la-Chapelle
Isles - Armentières - Congis,77440,Isles-les-Meldeuses
Mouroux,77120,Mouroux
Tournan-en-Brie,77220,Tournan-en-Brie
Provins,77160,Provins
Mormant,77720,Mormant
Ozoir-la-Ferrière,77330,Ozoir-la-Ferrière
Champbenoist - Poigny,77160,Poigny
Gargan,93320,Pavillons-sous-Bois
Les Yvris Noisy-le-Grand,93160,Noisy-le-Grand
Nogent - Le Perreux,94130,Nogent-sur-Marne
Rosny-sous-Bois,93110,Rosny-sous-Bois
Gagny,93220,Gagny
Bondy,93140,Bondy
Porte de Clichy,75017,Paris
La Barasse,13011,Marseille
Morvillars,90120,Morvillars
Trélazé,49800,Trélazé
Dugny - La Courneuve T11,93120,Courneuve
La Couronne - Charente,16400,
Boulazac,24750,
Toulon Sainte-Musse,083100,Toulon
Osséja,66340,Osséja
Estavar,66800,Estavar
Fontpédrouse,66360,Fontpédrouse
Thuès Carença,66360,Thuès-Entre-Valls
Collioure,66190,Collioure
Perpignan,66027,Perpignan
Allenc,48190,Allenc
Mende,48000,Mende
Banassac - La Canourgue,48500,Banassac-Canilhac
Saint-Chély-d'Apcher,48200,Saint-Chély-d'Apcher
Clermont La Pardieu,63000,Clermont-Ferrand
Bédarieux,34600,Bédarieux
Lunas,34650,Lunas
Ceilhes - Roqueredonde,34260,Roqueredonde
Marseillan Plage,34340,Marseillan
Vias,34450,Vias
Fons - Saint-Mamert,30730,Fons
La Levade,30110,Grand-Combe
Sainte-Cécile-d'Andorge,30110,Sainte-Cécile-d'Andorge
Frontignan,34110,Frontignan
Saint-Aunès,34130,Saint-Aunès
Valergues - Lansargues,34130,Valergues
Lunel-Viel,34400,Lunel-Viel
Lunel,34400,Lunel
Montpellier Saint-Roch,34011,Montpellier
Monteux,84170,Monteux
Gadagne,84470,Châteauneuf-de-Gadagne
Courthézon,84350,Courthézon
Mont-Dauphin - Guillestre,05600,Eygliers
Romans - Bourg-de-Péage,26300,Romans-sur-Isère
L'Isle-d'Abeau,38080,Isle-d'Abeau
Tain-l'Hermitage - Tournon,26600,Tain-l'Hermitage
Le Bosquet,06150,Cannes
La Frayère,06150,Cannes
Cannes La Bocca,06150,Cannes
Fréjus,83600,Fréjus
L'Escarène,06440,Escarène
Cagnes-sur-Mer,06800,Cagnes-sur-Mer
Villeneuve-Loubet,06270,Villeneuve-Loubet
La Redonne Ensuès,13820,Ensuès-la-Redonne
La Couronne Carro,13500,Martigues
Port-de-Bouc,13110,Port-de-Bouc
Saint-Chamas,13250,Saint-Chamas
Miramas,13140,Miramas
Saint-Marcel,13011,Marseille
L'Estaque,13016,Marseille
L'Ariane La Trinité,06340,Trinité
La Brillanne - Oraison,04700,Brillanne
Sisteron,04200,Sisteron
Vif,38450,Vif
Saint-Égrève Saint-Robert,38120,Saint-Égrève
Voreppe,38340,Voreppe
Le Buet,74660,Vallorcine
Argentière,74400,Chamonix-Mont-Blanc
Cluses,74300,Cluses
Albens,73410,Entrelacs
Annecy,74000,Annecy
Bellegarde,01200,Valserhône
Ambérieu-en-Bugey,01500,Ambérieu-en-Bugey
Ambronay - Priay,01500,Ambronay
Grésy-sur-Isère,73460,Grésy-sur-Isère
Saint-Pierre-d'Albigny,73250,Saint-Pierre-d'Albigny
Chambéry - Challes-les-Eaux,73010,Chambéry
Darsac,43270,Vernassal
Thiers,63300,Thiers
Chapeauroux,48600,Saint Bonnet-Laval
Brioude,43100,Brioude
Saint-Fons,69190,Saint-Fons
Feurs,42110,Feurs
Bas - Monistrol-sur-Loire,43120,Bas-en-Basset
Boën-sur-Lignon,42130,Boën-sur-Lignon
Bonson,42160,Bonson
Rive-de-Gier,42800,Rive-de-Gier
Saint-Chamond,42400,Saint-Chamond
Bouthéon,42160,Andrézieux-Bouthéon
Mézériat,01660,Mézériat
Pont-de-Veyle,01290,Pont-de-Veyle
Crêches-sur-Saône,71680,Crêches-sur-Saône
Mâcon Loché TGV,71000,Mâcon
Villars-les-Dombes,01330,Villars-les-Dombes
Beynost,01700,Beynost
Crépieux la Pape,69140,Rillieux-la-Pape
Lyon Part Dieu,69003,Lyon
Givors,69700,Givors
Pierre-Bénite,69310,Pierre-Bénite
Oullins,69600,Oullins
Lyon Perrache,69286,Lyon
Sain-Bel,69210,Sain-Bel
Lentilly,69210,Lentilly
La Tour-de-Salvagny,69890,Tour-de-Salvagny
Dardilly Les Mouilles,69570,Dardilly
Dardilly Le Jubin,69570,Dardilly
L'Arbresle,69210,Arbresle
Saint-Georges-de-Reneins,69830,Saint-Georges-de-Reneins
Villefranche-sur-Saône,69400,Villefranche-sur-Saône
Quincieux,69650,Quincieux
Collonges - Fontaines,69660,Collonges-au-Mont-d'Or
Lyon Gorge de Loup,69009,Lyon
Amplepuis,69550,Amplepuis
Montbarrey,39380,Montbarrey
Valdahon Camp Militaire,25800,Valdahon
Étalans,25580,Étalans
Mamirolle,25620,Mamirolle
Baume-les-Dames,25110,Baume-les-Dames
Laissey,25820,Laissey
Roche-lez-Beaupré,25220,Roche-lez-Beaupré
Ranchot,39700,Ranchot
Torpes - Boussières,25320,Torpes
Morbier,39400,Morbier
Champagnole,39300,Champagnole
Louhans,71500,Louhans
Saint-Jean-de-Losne,21170,Saint-Jean-de-Losne
Santenay les Bains,21590,Santenay
Fontaines - Mercurey,71150,Fontaines
Chagny,71150,Chagny
Beaune,21200,Beaune
Auxonne,21130,Auxonne
Velars-sur-Ouche,21370,Velars-sur-Ouche
Corbigny,58800,Corbigny
Decize,58300,Decize
Bessay-sur-Allier,03340,Bessay-sur-Allier
Villeneuve-sur-Allier,03460,Villeneuve-sur-Allier
Pougues-les-Eaux,58320,Pougues-les-Eaux
La Charité-sur-Loire,58400,Charité-sur-Loire
Cosne-sur-Loire,58200,Cosne-Cours-sur-Loire
Briare,45250,Briare
Génelard,71420,Génelard
Galuzot,71230,Saint-Vallier
Marmagne sous Creusot,71710,Marmagne
Broye,71190,Broye
Mesvres,71190,Mesvres
Les Perrières,58640,Varennes-Vauzelles
Vauzelles,58640,Varennes-Vauzelles
Paris Gare de Lyon Hall 1 & 2,75012,Paris
Auxerre Saint-Gervais,89000,Auxerre
Monéteau - Gurgy,89470,Monéteau
Saint-Julien-du-Sault,89330,Saint-Julien-du-Sault
Sens,89100,Sens
Saint-Fargeau,77310,Saint-Fargeau-Ponthierry
Boissise-le-Roi,77310,Boissise-le-Roi
Vosves,77190,Dammarie-les-Lys
Héricy,77850,Héricy
Yerres,91330,Yerres
Melun,77000,Melun
Villeneuve-Saint-Georges,94190,Villeneuve-Saint-Georges
Le Coudray-Montceaux,91830,Coudray-Montceaux
Le Plessis Chenet,91830,Coudray-Montceaux
Maisse,91720,Maisse
Moulin Galant,91100,Corbeil-Essonnes
Grand Bourg,91000,Ris-Orangis
Ris-Orangis,91130,Ris-Orangis
Corbeil-Essonnes,91100,Corbeil-Essonnes
Saint-Jean-de-Luz - Ciboure,64500,Saint-Jean-de-Luz
Saint-Jean-Pied-de-Port,64220,Saint-Jean-Pied-de-Port
Ustaritz Jatxou,64480,Ustaritz
Guéthary,64210,Guéthary
Dax,40100,Dax
Morcenx,40110,Morcenx-la-Nouvelle
Bayonne,64100,Bayonne
Ogeu-les-Bains,64680,Ogeu-les-Bains
Buzy en Béarn,64260,Buzy
Pau,64000,Pau
Durtol - Nohanent,63830,Durtol
Bellenaves,03330,Bellenaves
Montlaur,31450,Montlaur
Pins-Justaret,31860,Pins-Justaret
Pommevic,82400,Pommevic
Luc-la-Primaube,12450,Luc-la-Primaube
Mazamet,81200,Mazamet
Vielmur-sur-Agout,81570,Vielmur-sur-Agout
Roquesérière - Buzet,31380,Buzet-sur-Tarn
Saint-Sulpice (Tarn),81370,Saint-Sulpice-la-Pointe
Lisle-sur-Tarn,81310,Lisle-sur-Tarn
Alet-les-Bains,11580,Alet-les-Bains
Verzeille,11250,Verzeille
Bram,11150,Bram
Salles-Courbatiès,12260,Salles-Courbatiès
Aubin,12110,Aubin
Lardenne,31000,Toulouse
Brax - Léguevin,31490,Brax
Gimont Cahuzac,32200,Gimont
Porta,66146,
Colomiers,31770,Colomiers
Saverdun,09700,Saverdun
Saint-Gaudens,31800,Saint-Gaudens
Martres-Tolosane,31220,Martres-Tolosane
Le Fauga,31410,Fauga
Toulouse Matabiau,31500,Toulouse
Lavaufranche,23600,Lavaufranche
Busseau sur Creuse,23150,Ahun
Marsac,23210,Marsac
Sainte-Lizaigne,36260,Sainte-Lizaigne
Saint-Cyprien,24220,Saint-Cyprien
Le Bugue,24260,Bugue
Les Eyzies-de-Tayac-Sireuil,24620,Eyzies
Mussidan,24400,Mussidan
Le Burg,19240,Varetz
Saint-Denis-lès-Martel,46600,Saint-Denis-lès-Martel
Les Quatre-Routes-du-Lot,46110,Vignon-en-Quercy
Turenne,19500,Turenne
La Rivière de Mansac,19520,Mansac
Souillac,46200,Souillac
Gignac - Cressensac,46600,Gignac
Corrèze,19800,Corrèze
Brive-la-Gaillarde,19100,Brive-la-Gaillarde
Bussière-Galant,87230,Bussière-Galant
Verneuil-sur-Vienne,87430,Verneuil-sur-Vienne
Saint-Sébastien,23160,Saint-Sébastien
Bellac,87300,Bellac
Saint-Sulpice-Laurière,87370,Saint-Sulpice-Laurière
La Jonchère-Saint-Maurice,87340,Jonchère-Saint-Maurice
Solignac - Le Vigen,87110,Solignac
Eymoutiers Vassivière,87120,Eymoutiers
Saint-Léonard-de-Noblat,87400,Saint-Léonard-de-Noblat
Limoges Bénédictins,87000,Limoges
La Chapelle - Aulnay,44240,Chapelle-sur-Erdre
Babinière,44240,Chapelle-sur-Erdre
Marmande,47200,Marmande
Port-Sainte-Marie,47130,Port-Sainte-Marie
Saint-Seurin-sur-l'Isle,33660,Saint-Seurin-sur-l'Isle
Saint-Médard-de-Guizières,33230,Saint-Médard-de-Guizières
Coutras,33230,Coutras
Vélines,24230,Vélines
Luxé,16230,Luxé
Chalais,16210,Chalais
Roumazières-Loubert,16270,Terres-de-Haute-Charente
Gironde-sur-Dropt,33190,Gironde-sur-Dropt
Langon,33210,Langon
Arbanats,33640,Arbanats
Portets,33640,Portets
La Teste-de-Buch,33260,Teste-de-Buch
Gujan-Mestras,33470,Gujan-Mestras
Ychoux,40160,Ychoux
Biganos Facture,33380,Biganos
Blanquefort,33290,Blanquefort
Caudéran Mérignac,33700,Bordeaux
Margaux,33460,Margaux-Cantenac
Ludon-Médoc,33290,Ludon-Médoc
Villefranche-sur-Cher,41200,Villefranche-sur-Cher
Gièvres,41130,Gièvres
Valençay,36600,Valençay
Selles-Saint-Denis,41300,Selles-Saint-Denis
Foëcy,18500,Foëcy
Montmorillon,86500,Montmorillon
Anché - Voulon,86700,Anché
La Tricherie,86490,Beaumont Saint-Cyr
Naintré,86530,Naintré
Châtellerault,86100,Châtellerault
Maillé,37800,Maillé
Chissay-en-Touraine,41400,Chissay-en-Touraine
Notre-Dame-d'Oé,37390,Notre-Dame-d'Oé
Pezou,41100,Pezou
Cloyes-sur-le-Loir,28220,Cloyes-les-Trois-Rivières
Chenonceaux,37150,Chenonceaux
Saint-Martin-le-Beau,37270,Saint-Martin-le-Beau
Veuves - Monteaux,41150,Veuzain-sur-Loire
Baule,45130,Baule
Saint-Ay,45130,Saint-Ay
Cinq-Mars-la-Pile,37130,Cinq-Mars-la-Pile
Port Boulet,37800,Chouzé-sur-Loire
Saint-Paterne-Racan,37370,Saint-Paterne-Racan
Neuillé-Pont-Pierre,37360,Neuillé-Pont-Pierre
Veigné,37250,Veigné
Aulnat Aéroport,63510,Aulnat
Halte de Fontanil – Lycée de Drap,06340,Drap
Nevers Le Banlay,58000,Nevers
Paris Austerlitz,75013,Paris
Pont de Rungis Aéroport d'Orly,94150,Thiais
Bonneval,28800,Bonneval
Saint-Martin d'Étampes,91150,Étampes
Ivry-sur-Seine,94200,Ivry-sur-Seine
Épinay-sur-Orge T12,91360,Épinay-sur-Orge
Lamotte-Beuvron,41600,Lamotte-Beuvron
Angerville,91670,Angerville
Les Ardoines,94400,Vitry-sur-Seine
Saint-Jean-d'Angély,17400,Saint-Jean-d'Angély
Saint-Hilaire - Brizambourg,17770,Saint-Hilaire-de-Villefranche
Loulay,17330,Loulay
La Grave d'Ambarès,33440,Ambarès-et-Lagrave
Cubzac-les-Ponts,33240,Cubzac-les-Ponts
La Bohalle,49800,Loire-Authion
Montreuil-Bellay,49260,Montreuil-Bellay
Pouzauges,85700,Pouzauges
Saint-Hilaire-de-Riez,85270,Saint-Hilaire-de-Riez
La Mothe-Achard,85150,Achards
Luçon,85400,Luçon
Beauvoir-sur-Niort,79360,Beauvoir-sur-Niort
Marigny,79360,Marigny
Niort,79000,Niort
Châtelaillon-Plage,17340,Châtelaillon-Plage
Varades - Saint-Florent le Vieil,44370,Loireauxence
Morannes,49640,Morannes sur Sarthe-Daumeray
Tiercé,49125,Tiercé
Le Croisic,44490,Croisic
Saint-Nazaire,44600,Saint-Nazaire
Abbaretz,44170,Abbaretz
Sucé-sur-Erdre,44240,Sucé-sur-Erdre
Clisson,44190,Clisson
Le Pallet,44330,Pallet
La Bernerie-en-Retz,44760,Bernerie-en-Retz
Les Moutiers-en-Retz,44580,Moutiers-en-Retz
Ancenis,44150,Ancenis-Saint-Géréon
Rezé Pont Rousseau,44400,Rezé
Voutré,53600,Voutré
Louverné,53950,Louverné
La Gouesnière - Cancale - Saint-Méloir-des-Ondes,35350,Gouesnière
Bonnemain,35270,Bonnemain
Saint-Pierre-Quiberon,56510,Saint-Pierre-Quiberon
Plouharnel - Carnac,56340,Plouharnel
Quimperlé,29300,Quimperlé
Plouigneau,29610,Plouigneau
Pleyber-Christ,29410,Pleyber-Christ
Châteaulin,29150,Châteaulin
Pont-de-Buis,29590,Pont-de-Buis-lès-Quimerch
Pontrieux,22260,Pontrieux
Carnoët - Locarn,22160,Locarn
Le Pénity,22850,Duault
Belle-Isle - Bégard,22810,Louargat
Plénée-Jugon,22640,Plénée-Jugon
Thann Centre,68800,Thann
Les Lacs,35500,Saint-Aubin-des-Landes
Vitré,35500,Vitré
Pontchaillou,35033,Rennes
Le Theil-de-Bretagne,35240,Theil-de-Bretagne
Messac - Guipry,35480,Guipry-Messac
Montfort-sur-Meu,35160,Montfort-sur-Meu
Betton,35830,Betton
Bruz,35170,Bruz
Vern-sur-Seiche,35770,Vern-sur-Seiche
Rennes,35005,Rennes
Carentan,50500,Carentan-les-Marais
Lison,14330,Lison
Argentan,61200,Argentan
Houlgate,14510,Houlgate
Moult - Argences,14370,Moult-Chicheboville
Franchet d'Esperey,51100,Reims
Vernon - Giverny,27200,Vernon
Glos - Montfort,27290,Glos-sur-Risle
Dieppe,76200,Dieppe
Rolleville,76133,Rolleville
Fécamp,76400,Fécamp
Bréauté - Beuzeville,76110,Goderville
Le Havre Graville,76600,Havre
Le Havre,76600,Havre
Maromme,76960,Maromme
Oissel,76350,Oissel
Rouen Rive Droite,76000,Rouen
Colmar Mésanges,68000,Colmar
Clermont La Rotonde,63000,Clermont-Ferrand
Laigné - Saint-Gervais,72220,Saint-Gervais-en-Belin
Sceaux - Boëssé,72400,Boëssé-le-Sec
Crissé,72140,Crissé
Teillé,72290,Teillé
La Guierche,72380,Guierche
Neuville-sur-Sarthe,72190,Neuville-sur-Sarthe
Illiers-Combray,28120,Illiers-Combray
Magny - Blandainville,28120,Magny
La Loupe,28240,Loupe
Pontgouin,28190,Pontgouin
Amilly Ouerray,28300,Amilly
Saint-Piat,28130,Saint-Piat
Lucé,28110,Lucé
Massy TGV,91300,Massy
Chilly-Mazarin,91380,Chilly-Mazarin
Massy - Palaiseau,91300,Massy
Igny,91430,Igny
Fontenay-le-Fleury,78330,Fontenay-le-Fleury
Issy Val de Seine,92130,Issy-les-Moulineaux
Le Perray-en-Yvelines,78610,Perray-en-Yvelines
Les Essarts-le-Roi,78690,Essarts-le-Roi
Javel,75015,Paris
Morre,25660,Morre
Romilly-la-Puthenaye,27170,Romilly-la-Puthenaye
La Bonneville-sur-Iton,27190,Bonneville-sur-Iton
Bueil,27730,Bueil
Poissy,78300,Poissy
Achères Grand Cormier,78100,Saint-Germain-en-Laye
Paris Saint-Lazare,75008,Paris
Viroflay Rive Droite,78220,Viroflay
Montreuil,78000,Versailles
Versailles Rive Droite,78000,Versailles
Saint-Nom-la-Bretèche Forêt de Marly,78620,Étang-la-Ville
Puteaux,92800,Puteaux
Bécon les Bruyères,92400,Courbevoie
Maule,78580,Maule
Limay,78520,Limay
Gargenville,78440,Gargenville
Santeuil - Le Perchay,95640,Santeuil
Osny,95520,Osny
Colombes,92700,Colombes
Saint-Sébastien Pas Enchantés,44230,Saint-Sébastien-sur-Loire
Wambaix,59400,Wambaix
Cattenières,59217,Cattenières
Cambrai,59400,Cambrai
Sin-le-Noble,59450,Sin-le-Noble
Montigny-en-Ostrevent,59182,Montigny-en-Ostrevent
Libercourt,62820,Libercourt
Dourges,62119,Dourges
Billy-Montigny,62420,Billy-Montigny
Liévin,62800,Liévin
Loos-en-Gohelle,62750,Loos-en-Gohelle
Lens,62300,Lens
Wallers,59135,Wallers
Beuvrages,59192,Beuvrages
Saint-Amand-les-Eaux,59230,Saint-Amand-les-Eaux
Farbus,62580,Farbus
La Bassée - Violaines,59480,Bassée
Cuinchy,62149,Cuinchy
Steenbecque,59189,Steenbecque
Nœux-les-Mines,62390,Nœux-les-Mines
Biache-Saint-Vaast,62118,Biache-Saint-Vaast
Rœux,62118,Rœux
Bibliothèque François Mitterrand,75013,Paris
Futuroscope,86360,Chasseneuil-du-Poitou
Penhoët,44600,Saint-Nazaire
Avignon TGV terminal TER,84000,Avignon
Beaurainville,62990,Beaurainville
Wacquemoulin,60420,Wacquemoulin
Daours,80800,Daours
Longroy - Gamaches,76260,Longroy
Grandvilliers,60210,Grandvilliers
Méru,60110,Méru
Cires-lès-Mello,60660,Cires-lès-Mello
Ham,80400,Ham
Nesle,80190,Nesle
Rosières,80170,Rosières-en-Santerre
Remy,60190,Remy
Gannes,60120,Gannes
Ingersheim Cité Scolaire,68040,Ingersheim
Les Bons Pères,59131,Rousies
Voyenne,02250,Voyenne
Dercy - Froidmont,02270,Dercy
Chauny,02300,Chauny
Anizy - Pinon,02320,Pinon
Tergnier,02700,Tergnier
Montescourt-Lizerolles,02440,Montescourt-Lizerolles
Busigny,59137,Busigny
Avesnelles,59440,Avesnelles
Ors,59360,Ors
Anor,59186,Anor
Mont de Terre,59000,Lille
Lezennes,59260,Lezennes
Annappes,59650,Villeneuve-d'Ascq
Fretin,59273,Fretin
Wattignies - Templemars,59680,Templemars
Don - Sainghin,59272,Sainghin-en-Weppes
Santes,59211,Santes
Comines,59560,Comines
Strazeele,59270,Strazeele
La Madeleine,59110,Madeleine
Haussmann Saint-Lazare,75009,Paris
Magenta,75010,Paris
Ebblinghem,59173,Ebblinghem
Pont d'Ardres,62610,Ardres
Gravelines,59820,Gravelines
Ermont Halte,95120,Ermont
Viarmes,95270,Viarmes
Valmondois,95430,Butry-sur-Oise
Montsoult - Maffliers,95560,Montsoult
Bouffémont - Moisselles,95570,Bouffémont
Boran-sur-Oise,60820,Boran-sur-Oise
Précy-sur-Oise,60460,Précy-sur-Oise
Sarcelles - Saint-Brice,95200,Saint-Brice-sous-Forêt
Rieux - Angicourt,60870,Rieux
Laigneville,60290,Laigneville
Sannois,95110,Sannois
Chaponval,95430,Auvers-sur-Oise
Franconville - Le Plessis-Bouchard,95130,Franconville
Esches,60110,Esches
Thieux - Nantouillet,77230,Thieux
Jaux,60880,Jaux
Margival,02880,Margival
Crouy,02880,Crouy
Dammartin - Juilly - Saint-Mard,77230,Saint-Mard
Sevran Beaudottes,93270,Sevran
Le Bourget T11,93350,Drancy
Paris Gare du Nord RER,75010,Paris
Lille Europe,59777,Lille
Rothau,67570,Rothau
Obernai,67210,Obernai
Dambach-la-Ville,67650,Dambach-la-Ville
Benfeld,67230,Benfeld
Kurtzenhouse,67240,Kurtzenhouse
Hunspach,67250,Hunspach
Soultz-sous-Forêts,67250,Soultz-sous-Forêts
Hoelschloch,67250,Surbourg
Niederbronn-les-Bains,67110,Niederbronn-les-Bains
Iteuil,86240,Iteuil
Haguenau,67500,Haguenau
Mothern,67470,Mothern
Steinbourg,67790,Steinbourg
Brumath,67170,Brumath
Longwy,54400,Longwy
Herbitzheim,67260,Herbitzheim
Sarreinsming,57115,Sarreinsming
Sarreguemines,57200,Sarreguemines
Valleroy - Moineville,54910,Valleroy
Hatrize,54800,Hatrize
Conflans - Jarny,54800,Jarny
Bénestroff,57670,Bénestroff
Sanry-sur-Nied,57530,Sanry-sur-Nied
Woippy,57140,Woippy
Metz Nord,57000,Rombas
Metz,57000,Metz
Sierck-les-Bains,57480,Sierck-les-Bains
Maizières-lès-Metz,57210,Maizières-lès-Metz
Thionville,57100,Thionville
Champagney,70290,Champagney
Ronchamp,70250,Ronchamp
Héricourt,70400,Héricourt
Petit-Croix,90130,Petit-Croix
Raedersheim,68190,Raedersheim
Lutterbach,68460,Lutterbach
Lutterbach Tram-train,68460,Lutterbach
Breitenbach-Haut-Rhin,68380,Breitenbach-Haut-Rhin
Oderen,68830,Oderen
Fellering,68470,Fellering
Thann,68800,Thann
Turckheim,68230,Turckheim
Logelbach,68124,Wintzenheim
Rouffach,68250,Rouffach
Zillisheim,68720,Zillisheim
Bartenheim,68870,Bartenheim
Habsheim,68440,Habsheim
Colmar Saint-Joseph,68000,Colmar
Pagny-sur-Meuse,55190,Pagny-sur-Meuse
Nançois - Tronville,55500,Nançois-sur-Ornain
Saint-Dizier,52100,Saint-Dizier
Anchamps,08500,Anchamps
Carignan,08110,Carignan
Sedan,08200,Sedan
Fumay,08170,Fumay
Revin,08500,Revin
Deville,08800,Deville
Monthermé,08800,Monthermé
Joigny-sur-Meuse,08700,Joigny-sur-Meuse
Champagne-Ardenne TGV,51430,Bezannes
Amifontaine,02190,Amifontaine
Fismes,51170,Fismes
La Plaine Stade de France - Saint-Denis - Aubervilliers,93200,Saint-Denis
Ker Lann,35170,Bruz
Meuse TGV,55220,Trois-Domaines
Saint-Michel-sur-Meurthe,88470,Saint-Michel-sur-Meurthe
Remiremont,88200,Remiremont
Arches,88380,Arches
Contrexéville,88140,Contrexéville
Vincey,88450,Vincey
Épinal,88000,Épinal
Froncles,52320,Froncles
Lorraine TGV,57420,Louvigny
Dieulouard,54380,Dieulouard
Thiaville-sur-Meurthe,54519,Thiaville-sur-Meurthe
Ménil Flin,54200,Flin
Saint-Clément - Laronxe,54950,Saint-Clément
Blainville - Damelevières,54360,Damelevières
Dombasle-sur-Meurthe,54110,Dombasle-sur-Meurthe
Varangéville - Saint-Nicolas,54110,Varangéville
Laneuveville-devant-Nancy,54410,Laneuveville-devant-Nancy
Brion - Montréal-la-Cluse,01460,Brion
Romilly-sur-Seine,10100,Romilly-sur-Seine
Crécy-la-Chapelle,77580,Crécy-la-Chapelle
Couilly - Saint-Germain - Quincy,77860,Saint-Germain-sur-Morin
La Ferté-sous-Jouarre,77260,Ferté-sous-Jouarre
Montry - Condé,77450,Montry
Meaux,77100,Meaux
Nangis,77370,Nangis
Émerainville - Pontault-Combault,77340,Pontault-Combault
Les Pavillons-sous-Bois,93320,Pavillons-sous-Bois
Val de Fontenay,94120,Fontenay-sous-Bois
Le Chénay Gagny,93220,Gagny
Le Raincy - Villemomble - Montfermeil,93340,Raincy
Lille CHR,59000,Lille
Nice Pont Michel,06088,Nice
Châteaubriant Tram Train,44110,Châteaubriant
Lurbe-Saint-Christau,64660,Lurbe-Saint-Christau
Irigny Yvours,69540,Irigny
Méroux,90400,Meroux-Moval